"","GAZP","SBER","GMKN","MGNT"
"2015-01-05",133.95,56.37,8590,9877
"2015-01-06",138.92,58.28,9101,10400
"2015-01-08",146.46,65.7,9550,10627
"2015-01-09",141.7,63.1,9740,10542
"2015-01-12",140.22,62.9,9839,10689
"2015-01-13",142.64,60.31,10025,11180
"2015-01-14",146.3,60.05,9600,11450
"2015-01-15",147,61.8,9290,11304
"2015-01-16",149.6,61.99,9561,11350
"2015-01-19",148.11,61.8,9417,11235
"2015-01-20",145.75,60.8,9470,11395
"2015-01-21",148.8,62.8,9675,11855
"2015-01-22",151.5,64.35,10386,12070
"2015-01-23",152.83,64.45,10400,11750
"2015-01-26",148,60.49,10755,11540
"2015-01-27",150.9,61.2,11179,11270
"2015-01-28",147.7,60.63,11534,10200
"2015-01-29",145,60.5,11450,10550
"2015-01-30",143.82,61.5,11610,10590
"2015-02-02",138.18,61.4,11280,10190
"2015-02-03",140.35,62,10990,10400
"2015-02-04",142.6,61.04,10750,10340
"2015-02-05",147.6,62.41,11100,10235
"2015-02-06",151.6,64.31,11394,11075
"2015-02-09",149.3,65.57,11352,11440
"2015-02-10",149.31,65,11345,11490
"2015-02-11",150.55,65.12,11697,11500
"2015-02-12",157.7,67.21,12037,11855
"2015-02-13",162.4,70.6,12106,12250
"2015-02-16",160.19,70,11900,11920
"2015-02-17",159.2,72.45,11375,11820
"2015-02-18",163,76.4,11140,11766
"2015-02-19",160.9,73.78,11355,11800
"2015-02-20",158,74.75,11330,11796
"2015-02-24",154.99,73.7,11348,11687
"2015-02-25",150.7,74.2,11061,11510
"2015-02-26",151.65,75.95,11093,11574
"2015-02-27",152.95,75.91,11182,11305
"2015-03-02",155.5,76.2,11269,11367
"2015-03-03",159,75.55,11480,11650
"2015-03-04",154,72.31,11140,11100
"2015-03-05",154.8,72.7,11180,11360
"2015-03-06",152.12,73.25,10990,11347
"2015-03-10",148.05,69.8,10425,10820
"2015-03-11",145.99,70.68,10588,10835
"2015-03-12",144.7,70.79,10730,10600
"2015-03-13",141.8,67.87,10380,10350
"2015-03-16",139.75,65.57,10298,10350
"2015-03-17",139.7,64.65,10595,10360
"2015-03-18",140.25,65.26,10692,10699
"2015-03-19",136.81,64.9,10410,10500
"2015-03-20",136,67,10501,10900
"2015-03-23",134.61,65,10420,10550
"2015-03-24",137.15,65.6,10330,10798
"2015-03-25",134.9,64.8,10500,11000
"2015-03-26",132.2,62.85,10310,11140
"2015-03-27",134.88,61,9905,11038
"2015-03-30",137,63.01,10530,11185
"2015-03-31",138.9,62.88,10399,11350
"2015-04-01",143,64.5,10539,11750
"2015-04-02",143.9,65.92,10090,11971
"2015-04-03",143.94,65.5,10237,11799
"2015-04-06",145.7,68.99,10200,11900
"2015-04-07",146.2,69.6,10125,12020
"2015-04-08",147.27,69.4,9986,11890
"2015-04-09",148.1,72,9740,11744
"2015-04-10",148,71.5,9936,11711
"2015-04-13",148.8,74.1,9839,12300
"2015-04-14",144.4,74.05,9520,11801
"2015-04-15",150.1,76.49,9632,11870
"2015-04-16",152.4,76.5,9480,11600
"2015-04-17",149.3,72.5,9460,11520
"2015-04-20",153.96,73.5,9590,11664
"2015-04-21",155.35,75.24,9700,12207
"2015-04-22",150.8,73.9,9600,12135
"2015-04-23",150.15,75.8,9530,11900
"2015-04-24",153.89,75.75,9719,11824
"2015-04-27",152.05,75.2,9665,11577
"2015-04-28",152.79,75.7,9673,11350
"2015-04-29",152.5,75.2,9552,11458
"2015-04-30",153.5,76.9,9640,11280
"2015-05-05",156.33,80.21,10170,11038
"2015-05-06",155.25,79.2,10500,11083
"2015-05-07",152.1,76.5,10201,11090
"2015-05-08",155.52,75.5,10540,11295
"2015-05-12",154.2,75.19,10680,11220
"2015-05-13",151.74,75.24,10435,11100
"2015-05-14",151.8,74.31,10245,11240
"2015-05-15",152.98,75.05,10288,11372
"2015-05-18",151.9,75.36,10248,11042
"2015-05-19",149.85,73.35,10039,10986
"2015-05-20",146.35,71.6,10180,10940
"2015-05-21",147.16,73.25,10210,11035
"2015-05-22",148.8,74.35,9534,11020
"2015-05-25",146.69,74.46,9515,10910
"2015-05-26",145.25,74.67,9250,10813
"2015-05-27",147.66,74.23,9380,10653
"2015-05-28",146.11,73.6,9397,10655
"2015-05-29",139,73.5,9005,10510
"2015-06-01",139.4,72.65,9303,10456
"2015-06-02",140.75,73.92,9619,10892
"2015-06-03",140.71,71.72,9704,10765
"2015-06-04",140.2,71.25,9742,10750
"2015-06-05",142.4,70.61,9986,10685
"2015-06-08",142.66,69.17,9954,10654
"2015-06-09",146.17,70.21,9701,11005
"2015-06-10",145.6,71.51,9595,10895
"2015-06-11",145.4,72.55,9655,11130
"2015-06-15",144.95,71.8,9758,11236
"2015-06-16",146,73.5,9695,11556
"2015-06-17",147.6,72.81,9680,11520
"2015-06-18",147.15,72.98,9579,11440
"2015-06-19",147.15,71.56,9685,11385
"2015-06-22",148.5,72,9670,11287
"2015-06-23",146.25,72.01,9503,11266
"2015-06-24",146.68,71.98,9450,11261
"2015-06-25",143.7,71.42,9400,11220
"2015-06-26",145.18,70.6,9575,11680
"2015-06-29",143.59,70.2,9540,11268
"2015-06-30",145.85,72.35,9500,11399
"2015-07-01",145.5,71,9215,11465
"2015-07-02",145.8,70.54,9250,11420
"2015-07-03",144.33,70.67,9263,11331
"2015-07-06",143,68.45,9277,11401
"2015-07-07",142.5,68.77,9340,11099
"2015-07-08",141.5,67.73,9100,10902
"2015-07-09",143.77,69.35,9101,11055
"2015-07-10",143.9,71.06,9147,11399
"2015-07-13",145.27,72.94,9366,11649
"2015-07-14",146.5,73.9,9450,11669
"2015-07-15",142.7,74,9488,11660
"2015-07-16",144.2,74.21,9600,11769
"2015-07-17",143.6,75.52,9536,11750
"2015-07-20",141.78,74.1,9393,11510
"2015-07-21",141.41,75.55,9428,11735
"2015-07-22",140.8,74.6,9320,12177
"2015-07-23",138.37,72.7,9119,11885
"2015-07-24",136.41,70.45,9025,11650
"2015-07-27",134.51,68.48,9022,11750
"2015-07-28",135.05,69.55,9231,11671
"2015-07-29",138.7,71.2,9359,11800
"2015-07-30",139.8,72.2,9365,12040
"2015-07-31",142.5,72.3,9427,12200
"2015-08-03",141.45,71.1,9514,12268
"2015-08-04",141.89,72.3,9889,12441
"2015-08-05",143.78,73.49,10090,12818
"2015-08-06",140.88,72.25,10125,12309
"2015-08-07",141.34,74.2,10112,12396
"2015-08-10",141.5,75.16,10222,12412
"2015-08-11",141.97,73.2,10166,12320
"2015-08-12",142.99,73.4,9850,12149
"2015-08-13",143.7,73.7,9870,12177
"2015-08-14",144.8,74.43,10061,12147
"2015-08-17",144.25,73,10000,12162
"2015-08-18",142.65,72.45,9810,12090
"2015-08-19",140.8,71.5,9725,12050
"2015-08-20",142.64,72.05,10047,12105
"2015-08-21",140.29,69.86,10060,11860
"2015-08-24",135.35,68.53,10215,11603
"2015-08-25",140.4,70.79,10071,11829
"2015-08-26",140.51,71,10290,11631
"2015-08-27",144.6,73.8,10371,11910
"2015-08-28",146.6,74.82,10430,12171
"2015-08-31",148.19,74.5,10569,12275
"2015-09-01",144.5,73.14,10329,11924
"2015-09-02",142.57,72.9,10350,11845
"2015-09-03",145.3,74.15,10600,11935
"2015-09-04",142.8,73.96,10570,11988
"2015-09-07",141.67,73.81,10716,12074
"2015-09-08",143.21,74.9,10746,11996
"2015-09-09",144.22,74.65,11099,11763
"2015-09-10",142.99,74.3,10931,11420
"2015-09-11",142.4,74.1,10870,11405
"2015-09-14",143.58,74.88,10924,11313
"2015-09-15",141.95,74.85,11009,11325
"2015-09-16",142.91,77.71,11119,11583
"2015-09-17",142.8,76.49,11206,11650
"2015-09-18",139.5,75.5,11100,11543
"2015-09-21",139.45,75.94,11080,11462
"2015-09-22",136.4,74.39,10693,11360
"2015-09-23",134.3,73.74,10200,11377
"2015-09-24",132.2,73.33,9662,11387
"2015-09-25",133.85,74.97,9565,11815
"2015-09-28",130.9,74.57,9382,11566
"2015-09-29",133.2,75.5,9325,11705
"2015-09-30",134.55,75.3,9500,11600
"2015-10-01",132.9,74.51,9394,11769
"2015-10-02",131.5,73.8,9470,11581
"2015-10-05",136.8,76.2,9450,11725
"2015-10-06",137.87,77.31,9346,11797
"2015-10-07",140,79.65,9210,11763
"2015-10-08",139.8,83.11,9149,11696
"2015-10-09",143.81,85.77,9560,11730
"2015-10-12",141.7,85.45,9620,11667
"2015-10-13",141.8,85,9715,11780
"2015-10-14",142.01,86.81,9700,11810
"2015-10-15",142.61,87.7,9783,12059
"2015-10-16",141,88.52,9601,11707
"2015-10-19",140.27,87.07,9761,11665
"2015-10-20",140.4,88.14,9658,11810
"2015-10-21",139.49,86.95,9390,11800
"2015-10-22",139.25,86.53,9545,11772
"2015-10-23",138.94,90.45,9735,11500
"2015-10-26",138.5,92.3,9700,10809
"2015-10-27",138.5,89,9710,11359
"2015-10-28",138.1,90.05,9670,11491
"2015-10-29",136.11,88.6,9503,11216
"2015-10-30",135.75,90.53,9487,11136
"2015-11-02",137.8,93.65,9585,11111
"2015-11-03",141.75,95.4,9546,11425
"2015-11-05",140.97,95.5,9580,11468
"2015-11-06",137.75,94.09,9513,11496
"2015-11-09",136.5,92.95,9499,11520
"2015-11-10",135.58,94.35,9474,11393
"2015-11-11",135,94,9371,11255
"2015-11-12",136.6,94.29,9475,11125
"2015-11-13",136,93.4,9469,11192
"2015-11-16",137.21,95.8,9335,11290
"2015-11-17",142.75,102.5,9364,11390
"2015-11-18",147.47,104,9640,11359
"2015-11-19",147.5,104.86,9670,11427
"2015-11-20",148.05,107.3,9650,11819
"2015-11-23",152,109.98,9492,12250
"2015-11-24",145.65,105.6,9344,11900
"2015-11-25",143.99,108.51,9427,12022
"2015-11-26",143.2,106.48,9390,12130
"2015-11-27",140.65,104.55,9220,12013
"2015-11-30",138,102.9,8920,12005
"2015-12-01",137.42,101.3,9054,11901
"2015-12-02",136.85,102.5,8939,12199
"2015-12-03",140,104,9113,12270
"2015-12-04",137.7,103.05,8851,11799
"2015-12-07",134.5,103,8925,11728
"2015-12-08",134.65,97,8970,11590
"2015-12-09",135.81,100.66,8935,11180
"2015-12-10",135.6,100.13,8925,11141
"2015-12-11",133.8,98.15,8900,11039
"2015-12-14",131.59,97.7,8780,11030
"2015-12-15",134.4,100,8965,11340
"2015-12-16",134.5,102.45,9108,11361
"2015-12-17",137.9,103.75,9450,11211
"2015-12-18",132.25,98.81,9229,10656
"2015-12-21",131.5,98.73,9048,10790
"2015-12-22",133.2,99.8,9220,10780
"2015-12-23",135.3,102.96,9410,10850
"2015-12-24",136,101.35,9344,10761
"2015-12-25",134.48,101.34,9344,10732
"2015-12-28",134.97,100.2,9350,10743
"2015-12-29",137.49,101.82,9189,10972
"2015-12-30",136.09,101.26,9150,11228
"2016-01-04",134.91,98.01,8922,11366
"2016-01-05",136.45,98.89,9085,11350
"2016-01-06",135.94,96.85,8990,11320
"2016-01-11",131.38,91.03,8600,10667
"2016-01-12",133.54,91.71,8553,10367
"2016-01-13",131.3,91.5,8614,10352
"2016-01-14",130.86,93.04,8464,10230
"2016-01-15",125.1,87.27,8050,9640
"2016-01-18",124.6,86.15,8290,9940
"2016-01-19",125.98,86.68,8540,10427
"2016-01-20",125.83,83.83,8649,10350
"2016-01-21",127.75,86,9130,10850
"2016-01-22",132.4,91.5,9100,11050
"2016-01-25",133,91,9050,11042
"2016-01-26",131.89,91.5,8880,10975
"2016-01-27",134,95.75,8991,11285
"2016-01-28",136.5,96.69,8970,11485
"2016-01-29",136.6,96.5,8850,11500
"2016-02-01",133.9,96.5,8698,11270
"2016-02-02",132.5,94.4,8924,11150
"2016-02-03",131.01,94.53,8770,10955
"2016-02-04",135.07,97.57,8999,10889
"2016-02-05",134.43,97.2,9005,10765
"2016-02-08",133.5,94.7,8870,10450
"2016-02-09",132.7,93.89,8650,10103
"2016-02-10",133.03,96.35,8510,10070
"2016-02-11",130.49,94.2,8376,10143
"2016-02-12",131.3,94.85,8350,10000
"2016-02-15",133.43,95.25,8345,9920
"2016-02-16",135.85,96.51,8486,9900
"2016-02-17",137.1,99.2,8633,10000
"2016-02-18",138,102.7,8880,10318
"2016-02-19",136.9,101.5,8745,10354
"2016-02-20",136.59,102.39,8720,10345
"2016-02-22",139.9,103.2,8750,10655
"2016-02-24",137.15,102.1,8750,10475
"2016-02-25",137.97,104.05,8750,10530
"2016-02-26",138.67,106.24,8935,10589
"2016-02-29",141.4,107,9142,10648
"2016-03-01",142,108.26,9105,10592
"2016-03-02",140.14,106.12,9093,10695
"2016-03-03",144.5,106.99,9190,10715
"2016-03-04",146.16,108.99,9300,10668
"2016-03-07",150.15,109.47,9494,10715
"2016-03-09",147.43,108.15,9300,10700
"2016-03-10",146.94,108.84,9281,10900
"2016-03-11",144.3,109.26,9221,10900
"2016-03-14",143.2,109.26,9150,10780
"2016-03-15",142.54,106.46,9202,10880
"2016-03-16",144.75,107,9119,10788
"2016-03-17",147.27,109.47,9243,10900
"2016-03-18",150.65,112.4,9490,11400
"2016-03-21",149.9,112.07,9390,11255
"2016-03-22",149.62,111.49,9440,11209
"2016-03-23",146,109.1,9240,11100
"2016-03-24",145.8,108.06,9020,11041
"2016-03-25",146.04,109.1,9046,10880
"2016-03-28",145.1,108.12,8995,10655
"2016-03-29",144.7,107.05,8935,10575
"2016-03-30",147.8,109.15,8950,10410
"2016-03-31",147.75,109.9,8700,10550
"2016-04-01",147.2,108.52,8460,10470
"2016-04-04",146.38,108.2,8459,10470
"2016-04-05",144.34,106.87,8700,10400
"2016-04-06",144.2,108,8799,10390
"2016-04-07",143.89,108.51,8688,10332
"2016-04-08",145.7,112.92,8629,10320
"2016-04-11",147.3,117.35,8783,10254
"2016-04-12",148.9,117.95,8730,10129
"2016-04-13",153.12,119.5,9121,10490
"2016-04-14",150.43,119.3,9150,10240
"2016-04-15",147.99,119.3,9120,10132
"2016-04-18",146.3,118.2,9270,10125
"2016-04-19",155.95,121.5,9241,10075
"2016-04-20",161.95,123.75,9259,10115
"2016-04-21",161.8,119.17,9368,10162
"2016-04-22",161.2,121.25,9750,10295
"2016-04-25",160.3,120.08,9631,9540
"2016-04-26",163,119.7,9750,9180
"2016-04-27",160.99,120.8,9700,8825
"2016-04-28",164.75,124.39,9709,9040
"2016-04-29",168.47,123.55,9409,9002
"2016-05-04",162.4,120.96,9100,9006
"2016-05-05",160.5,120.92,8809,9151
"2016-05-06",159.27,120.64,8760,9093
"2016-05-10",156.85,119.55,8815,9038
"2016-05-11",159.45,123.45,8850,8921
"2016-05-12",159.03,121.2,8911,8834
"2016-05-13",159.85,121.07,8986,9036
"2016-05-16",158.07,122.6,8930,9430
"2016-05-17",153.58,122.71,8930,9352
"2016-05-18",152.1,123.12,9095,9301
"2016-05-19",148.33,120.5,9190,9200
"2016-05-20",146.7,121.9,9120,9075
"2016-05-23",144.31,121.51,9031,8975
"2016-05-24",146.35,123.5,9085,9150
"2016-05-25",146.55,127.87,9079,9140
"2016-05-26",148.87,132.16,9152,9201
"2016-05-27",149.88,133.2,9140,9466
"2016-05-30",149.6,134.45,9200,9408
"2016-05-31",145.5,132.56,8990,9340
"2016-06-01",144.7,131.36,9029,9255
"2016-06-02",144,132.3,8925,9190
"2016-06-03",143.41,131.59,8859,9150
"2016-06-06",146.4,133.99,8968,9260
"2016-06-07",147.75,139.97,8974,9388
"2016-06-08",146.95,139.39,8873,9200
"2016-06-09",144.98,139.61,8699,8830
"2016-06-10",142.44,133.5,8696,8819
"2016-06-14",141.84,127.08,8670,8660
"2016-06-15",141.57,129.89,8553,8929
"2016-06-16",139.5,127.1,8498,8755
"2016-06-17",139.32,128.7,8448,8750
"2016-06-20",142.97,132.13,8300,8850
"2016-06-21",143.54,133.39,8413,8709
"2016-06-22",143,134.81,8349,8488
"2016-06-23",144.2,138,8407,8450
"2016-06-24",141.25,133.4,8380,8280
"2016-06-27",138.52,126.2,8285,8320
"2016-06-28",139.24,129.57,8480,8300
"2016-06-29",140,133.88,8485,8700
"2016-06-30",139.51,133,8540,9012
"2016-07-01",140.05,133.85,8496,9101
"2016-07-04",141.6,134.6,8861,9145
"2016-07-05",140.95,131.85,8809,8950
"2016-07-06",139.99,129.36,8772,8760
"2016-07-07",140.37,131.8,8720,8753
"2016-07-08",140.27,134.41,8672,9261
"2016-07-11",141.4,137.2,8855,9348
"2016-07-12",142.12,140.4,9025,9404
"2016-07-13",143.6,139.4,9300,9460
"2016-07-14",144.2,140,9297,9508
"2016-07-15",147.37,138.12,9290,9461
"2016-07-18",145.84,139.93,9308,9250
"2016-07-19",139.48,139.47,9310,9104
"2016-07-20",139.26,138.57,9297,9225
"2016-07-21",140.1,138.5,9390,9400
"2016-07-22",140.6,137.8,9400,9365
"2016-07-25",140.7,136,9306,10100
"2016-07-26",140.69,135.75,9339,10475
"2016-07-27",139.5,136.9,9445,10020
"2016-07-28",139.9,136.85,9535,10292
"2016-07-29",137.3,139.15,9444,10210
"2016-08-01",136.93,138.52,9637,10381
"2016-08-02",134.5,135.06,9581,10347
"2016-08-03",134.04,135.73,9660,10368
"2016-08-04",136.7,137.14,9734,10450
"2016-08-05",135.5,138.69,9778,10690
"2016-08-08",137.47,139.45,9830,10927
"2016-08-09",137.34,139.2,9850,10846
"2016-08-10",137.4,138.3,9927,10751
"2016-08-11",137.19,139.7,9989,10673
"2016-08-12",137.83,139.45,9860,10800
"2016-08-15",138,139.5,9967,10835
"2016-08-16",137.99,138.1,9975,10532
"2016-08-17",137.68,138.44,9770,10400
"2016-08-18",138.4,137,9601,10380
"2016-08-19",136.8,135.8,9788,10260
"2016-08-22",137.8,137.37,9890,10589
"2016-08-23",137.37,140.35,9879,10643
"2016-08-24",137,139.5,9853,10250
"2016-08-25",135.42,142.84,9760,10289
"2016-08-26",136.2,145.25,9597,10376
"2016-08-29",136.2,143.55,9640,10492
"2016-08-30",135.59,143.18,9628,10475
"2016-08-31",134.95,143.5,9571,10262
"2016-09-01",134.99,144.25,9631,10308
"2016-09-02",135.55,146.88,9717,10544
"2016-09-05",136.05,149.5,9710,10734
"2016-09-06",141.4,150.64,9926,10615
"2016-09-07",143.08,154.33,9871,10670
"2016-09-08",141.45,153.45,9780,10743
"2016-09-09",138.54,151.6,9720,10544
"2016-09-12",138.93,151.43,9690,10372
"2016-09-13",138.45,149.8,9750,10291
"2016-09-14",139.35,150.86,9546,10205
"2016-09-15",137.6,149.14,9520,10167
"2016-09-16",136.47,147,9470,10269
"2016-09-19",136.59,148.66,9505,10339
"2016-09-20",137,149.3,9562,10350
"2016-09-21",136.25,150.67,9420,10648
"2016-09-22",136.7,154.18,9715,10700
"2016-09-23",136.7,151.5,9730,10600
"2016-09-26",135.26,149.1,9667,10789
"2016-09-27",133.92,147.53,9780,10432
"2016-09-28",134.09,147.18,9952,10555
"2016-09-29",135.31,148.47,9918,10530
"2016-09-30",134.9,145.34,9812,10391
"2016-10-03",135.37,148.87,9648,10539
"2016-10-04",136.23,148.1,9639,10507
"2016-10-05",134.8,147.95,9530,10490
"2016-10-06",135.9,148.9,9475,10590
"2016-10-07",136.1,148.74,9401,10411
"2016-10-10",139.1,151.27,9406,10491
"2016-10-11",138.98,151.3,9450,10351
"2016-10-12",138.07,149.2,9432,10245
"2016-10-13",137.47,146.09,9400,10219
"2016-10-14",136.2,146.73,9390,10144
"2016-10-17",135.57,146.46,9250,10100
"2016-10-18",135.81,147.74,9364,10535
"2016-10-19",135.49,148.6,9269,10567
"2016-10-20",134.72,148.26,9200,10605
"2016-10-21",134.96,148.42,9376,10525
"2016-10-24",135.05,149.15,9250,10526
"2016-10-25",135.3,151.57,9304,10430
"2016-10-26",135.32,150.67,9307,10405
"2016-10-27",135.04,149.3,9451,10450
"2016-10-28",135,149.2,9345,10551
"2016-10-31",138.84,147.4,9344,10630
"2016-11-01",141.98,145.85,9310,10530
"2016-11-02",140.81,142.36,9200,10421
"2016-11-03",139.9,142.75,9157,10360
"2016-11-07",138.5,143.4,9230,9740
"2016-11-08",139.32,146.11,9400,9860
"2016-11-09",145.62,151.04,9590,9651
"2016-11-10",147.4,153.36,10046,9850
"2016-11-11",147.88,151.51,10150,9910
"2016-11-14",146.26,150.4,10380,9870
"2016-11-15",145.9,149.85,10367,9920
"2016-11-16",145.5,149.94,10270,10138
"2016-11-17",147.7,149.75,10289,10267
"2016-11-18",146.96,150.05,10144,10351
"2016-11-21",149.6,153,10137,10380
"2016-11-22",150,155,10277,10450
"2016-11-23",149.49,155.23,10490,10487
"2016-11-24",151.11,161.15,10498,10430
"2016-11-25",151.31,160.36,10450,10420
"2016-11-28",148.94,159.4,10550,10380
"2016-11-29",147.75,158.07,10468,10290
"2016-11-30",148.8,158.7,10371,10500
"2016-12-01",152.81,158.7,10620,10297
"2016-12-02",152.35,159.4,10680,10350
"2016-12-05",153.78,162.02,10830,10550
"2016-12-06",151.5,159.35,10900,10649
"2016-12-07",151.95,159.95,10990,10580
"2016-12-08",153.05,168.98,11070,10730
"2016-12-09",152.99,169.66,10996,10423
"2016-12-12",158.63,175.4,10909,10350
"2016-12-13",158.95,176.9,10804,10693
"2016-12-14",157.2,173.7,10590,10602
"2016-12-15",158.25,174.92,10512,10532
"2016-12-16",156.2,173.9,10525,10720
"2016-12-19",154.6,174.3,10260,10597
"2016-12-20",155.3,175.9,10249,10709
"2016-12-21",153.06,174.71,10194,10750
"2016-12-22",150.27,170,10190,10411
"2016-12-23",149.05,171.15,10170,10408
"2016-12-26",148.95,171.97,10202,10327
"2016-12-27",150.38,172.27,9896,10400
"2016-12-28",151,170.1,9790,10665
"2016-12-29",152.62,171.3,9951,10795
"2016-12-30",154.55,173.25,10122,11000
"2017-01-03",157.7,180.12,10245,11347
"2017-01-04",157.44,175.95,10195,11220
"2017-01-05",154,171.9,10025,10875
"2017-01-06",154.1,170.69,10040,10900
"2017-01-09",154.4,168.35,10115,10819
"2017-01-10",157.97,171.6,10397,10534
"2017-01-11",157.01,169.05,10439,10000
"2017-01-12",157.25,168.27,9994,9880
"2017-01-13",157.95,164.9,9756,9640
"2017-01-16",155.81,164.66,9761,9830
"2017-01-17",153.65,165.98,9615,9825
"2017-01-18",152.86,165.24,9549,9695
"2017-01-19",150.85,166.3,9590,9800
"2017-01-20",149.7,167.49,9360,9730
"2017-01-23",148.1,166.75,9424,9694
"2017-01-24",150.15,170.25,9486,9690
"2017-01-25",147.65,170.26,9535,9625
"2017-01-26",150.49,173.79,9790,10020
"2017-01-27",154.09,178.92,9792,9900
"2017-01-30",150.8,174.6,9772,9625
"2017-01-31",149.8,172.2,9629,9650
"2017-02-01",149.65,173.9,9848,9700
"2017-02-02",148.8,172.83,10255,9495
"2017-02-03",149.35,173.8,10089,9580
"2017-02-06",148.5,172.87,9922,9640
"2017-02-07",148.7,173.47,10136,9550
"2017-02-08",145.2,171.2,10135,9577
"2017-02-09",142.11,168.8,9999,9862
"2017-02-10",140.5,165.5,10072,10002
"2017-02-13",141.2,164.7,9890,10078
"2017-02-14",140.62,162.7,9740,10030
"2017-02-15",139.72,163.5,9940,10000
"2017-02-16",139.16,166.49,9957,9930
"2017-02-17",138.12,165.49,9720,9700
"2017-02-20",138.5,165.44,9585,9577
"2017-02-21",138.35,167,9677,9540
"2017-02-22",136.68,165.9,9600,9194
"2017-02-24",136.75,165.51,9498,8825
"2017-02-27",135.07,160.95,9341,9190
"2017-02-28",134,156,9311,9133
"2017-03-01",133.85,160,9371,9150
"2017-03-02",131.3,163.4,9306,9250
"2017-03-03",134.8,164.4,9336,9175
"2017-03-06",134.6,162,9324,9250
"2017-03-07",132.89,160.98,9061,9233
"2017-03-09",129,156.2,8807,9061
"2017-03-10",128.78,157.5,8855,9155
"2017-03-13",129.93,158.92,8965,9235
"2017-03-14",128.8,157.42,9097,9270
"2017-03-15",127.6,156.2,9057,9346
"2017-03-16",128.05,158.35,9054,9700
"2017-03-17",128.94,161.15,9169,9700
"2017-03-20",128.79,163.8,9011,9780
"2017-03-21",129.3,162.98,9109,9730
"2017-03-22",131.65,162.92,9180,9440
"2017-03-23",130.99,164.15,9182,9370
"2017-03-24",130.05,164.52,9165,9350
"2017-03-27",128.8,162.69,8891,9351
"2017-03-28",129.2,163.66,9011,9600
"2017-03-29",128.81,163.22,8985,9327
"2017-03-30",128.49,163.5,8989,9580
"2017-03-31",127.9,159.8,8929,9261
"2017-04-03",127.21,161.8,8974,9313
"2017-04-04",128.81,163.5,9000,9261
"2017-04-05",130.69,168.1,9186,9470
"2017-04-06",130.5,167.49,9133,9550
"2017-04-07",128.72,161.49,9025,9430
"2017-04-10",126.16,155.2,8956,9360
"2017-04-11",126,156,8964,9265
"2017-04-12",125.05,150.28,8924,9100
"2017-04-13",124.54,152,8775,9160
"2017-04-14",122.85,149.24,8710,8985
"2017-04-17",123.7,153.99,8841,9135
"2017-04-18",122.22,153.4,8556,9113
"2017-04-19",121.55,153.6,8553,9000
"2017-04-20",121.99,158.21,8620,9110
"2017-04-21",123,159.59,8538,9070
"2017-04-24",128,162.5,8685,9008
"2017-04-25",130.2,162.55,8873,8825
"2017-04-26",133.43,165.05,8890,8823
"2017-04-27",133.41,164.69,8750,8825
"2017-04-28",136.75,165.2,8747,8776
"2017-05-02",136.52,166.64,8809,8821
"2017-05-03",135.81,164.71,8688,8685
"2017-05-04",134.93,165.5,8701,8841
"2017-05-05",134.41,165.8,8765,8900
"2017-05-10",134.19,170.8,8658,9140
"2017-05-11",131.1,169.97,8500,9010
"2017-05-12",132.5,167.7,8405,8985
"2017-05-15",131.5,171.35,8530,9180
"2017-05-16",131.13,170.66,8402,9238
"2017-05-17",132.07,169.24,8372,9440
"2017-05-18",126.9,166.5,8420,9255
"2017-05-19",124.19,168.87,8305,9190
"2017-05-22",122.52,168.03,8275,9413
"2017-05-23",123.23,166.31,8359,9280
"2017-05-24",122,165.7,8399,9205
"2017-05-25",121.61,164.05,8227,9359
"2017-05-26",122.2,160.7,8200,9450
"2017-05-29",123.11,163.9,8143,9300
"2017-05-30",122.1,161.64,8050,9240
"2017-05-31",120.28,155.93,7902,9197
"2017-06-01",118,153,7791,9070
"2017-06-02",119.69,157.14,7829,8875
"2017-06-05",119,154.7,7887,8989
"2017-06-06",119.05,152.8,7898,9053
"2017-06-07",118.92,152.82,7865,9204
"2017-06-08",119.3,151.93,8013,9270
"2017-06-09",120.5,150.13,8100,9435
"2017-06-13",118.15,146,8058,9589
"2017-06-14",115.35,143,8113,9588
"2017-06-15",115.49,139,8011,9449
"2017-06-16",116.02,141.63,8154,9412
"2017-06-19",117.33,145,8250,9539
"2017-06-20",117.44,144.9,8311,9613
"2017-06-21",117.97,143.49,8290,9499
"2017-06-22",119.55,144.25,7850,9330
"2017-06-23",119.1,144.1,8015,9280
"2017-06-26",118.67,144.49,7999,9301
"2017-06-27",119.35,147.1,8126,9504
"2017-06-28",119.7,145.5,8175,9471
"2017-06-29",119.16,143.8,8180,9103
"2017-06-30",118.49,145.59,8068,9180
"2017-07-03",119.86,147.5,8246,9115
"2017-07-04",122.73,149.39,8197,9105
"2017-07-05",122.7,148.96,8288,9165
"2017-07-06",122.68,150.35,8343,9200
"2017-07-07",123,152.16,8373,9313
"2017-07-10",124.25,155,8515,9360
"2017-07-11",124.78,156.91,8591,9370
"2017-07-12",124.87,160.85,8600,9340
"2017-07-13",125.55,159.94,8496,9545
"2017-07-14",125,161.4,8480,9720
"2017-07-17",125.14,161.98,8593,9618
"2017-07-18",124.49,161.7,8574,9600
"2017-07-19",120.11,164.34,8693,9530
"2017-07-20",120.6,163.93,8410,9504
"2017-07-21",118.95,162.1,8388,9405
"2017-07-24",119.17,161.33,8585,9598
"2017-07-25",118.4,160.22,8675,9540
"2017-07-26",119,161.55,8646,9750
"2017-07-27",118.68,166,8865,9797
"2017-07-28",116.9,165.4,8831,9680
"2017-07-31",116.1,164.53,8930,9525
"2017-08-01",117.99,166.31,9055,9372
"2017-08-02",119.09,169.9,9142,9470
"2017-08-03",119.58,170,9095,9428
"2017-08-04",119.45,169.73,9099,9321
"2017-08-07",119.5,172.79,9270,9401
"2017-08-08",119.67,175.75,9200,9497
"2017-08-09",118.68,173.4,9269,9407
"2017-08-10",118.05,172.2,9180,9333
"2017-08-11",116.93,172.05,9000,9358
"2017-08-14",117.4,172.51,9050,9370
"2017-08-15",117.59,172.33,8919,9360
"2017-08-16",116.75,173.05,8725,9470
"2017-08-17",116.22,172.72,8768,9447
"2017-08-18",116,169.5,8899,9335
"2017-08-21",115.92,169.9,9005,9492
"2017-08-22",116,171,9071,9556
"2017-08-23",115.75,175.3,9130,9744
"2017-08-24",116.56,179.8,9220,9812
"2017-08-25",117.85,180.51,9150,9799
"2017-08-28",118.75,181.85,9289,10000
"2017-08-29",118.3,181.89,9473,10247
"2017-08-30",118.2,183.5,9500,10650
"2017-08-31",117.97,183.51,9790,10800
"2017-09-01",117.4,183.66,9803,10590
"2017-09-04",117,184.1,9746,10510
"2017-09-05",116,184.14,9692,10630
"2017-09-06",117.14,183.12,9825,10540
"2017-09-07",117.95,184,9660,10544
"2017-09-08",120.34,185.89,9675,10527
"2017-09-11",121,190.5,9667,10680
"2017-09-12",121.99,189.32,9867,10795
"2017-09-13",123.55,189.1,9650,10700
"2017-09-14",123.33,188.64,9560,10434
"2017-09-15",122.5,188.75,9535,10397
"2017-09-18",122.72,188.04,9547,10320
"2017-09-19",121.75,184.85,9613,10376
"2017-09-20",122.25,186.47,9673,10465
"2017-09-21",122.34,187.38,9710,10340
"2017-09-22",121.95,187.55,9593,10260
"2017-09-25",123.03,191.2,9650,10140
"2017-09-26",123.03,192.54,9607,10090
"2017-09-27",123.36,193.7,9649,10163
"2017-09-28",122.5,191.96,9648,10089
"2017-09-29",122.2,192.33,9920,10100
"2017-10-02",121.9,193,10134,10085
"2017-10-03",120.78,192.5,10253,10070
"2017-10-04",121.76,192.03,10213,9914
"2017-10-05",123.5,193.74,10328,9836
"2017-10-06",123.47,194.16,10313,10050
"2017-10-09",124.81,194,10438,9880
"2017-10-10",124.44,193.21,10254,9804
"2017-10-11",126,195.83,10275,9760
"2017-10-12",125.93,195.51,10155,9736
"2017-10-13",126.86,196.48,10490,9540
"2017-10-16",127.17,197.7,10780,9429
"2017-10-17",125.15,197.2,10730,9332
"2017-10-18",126.7,195.31,10756,9286
"2017-10-19",125.5,192.2,10527,9445
"2017-10-20",126.7,192.97,10696,8550
"2017-10-23",126.8,192.34,10673,8221
"2017-10-24",126.02,192.5,10666,7913
"2017-10-25",125,192.04,10390,8299
"2017-10-26",124.2,192.75,10425,8347
"2017-10-27",125.94,196.05,10532,8065
"2017-10-30",125.98,195,10590,8022
"2017-10-31",125.9,193.8,10592,7693
"2017-11-01",126.5,194.05,11050,7610
"2017-11-02",125.67,193.85,11350,7370
"2017-11-03",125.9,193.8,11551,7390
"2017-11-07",132.28,205.96,11610,7380
"2017-11-08",132.3,209.09,11455,7398
"2017-11-09",131.5,220.05,11465,7399
"2017-11-10",132.5,217.7,11400,7175
"2017-11-13",133.32,216.61,11470,7146
"2017-11-14",132.93,221.4,11151,6949
"2017-11-15",131.21,225.95,10803,6170
"2017-11-16",129.2,227.5,11044,6531
"2017-11-17",129.65,225.65,10813,6884
"2017-11-20",129.96,224.6,10544,6768
"2017-11-21",132.49,231,10515,6599
"2017-11-22",132.57,230.25,10768,6720
"2017-11-23",131.6,225.56,10609,6829
"2017-11-24",133.57,228,10750,6635
"2017-11-27",133.5,226.76,10550,6602
"2017-11-28",135.18,230,10220,6450
"2017-11-29",133.55,228.2,10107,6380
"2017-11-30",132.15,224.35,9876,6359
"2017-12-01",133.02,221.5,10080,6340
"2017-12-04",133.77,224.6,10166,6370
"2017-12-05",133.65,223.91,10077,6300
"2017-12-06",134,223.75,10166,6335
"2017-12-07",133.02,219.81,10063,6355
"2017-12-08",132.6,220.89,10077,6550
"2017-12-11",134.65,227.69,10423,6655
"2017-12-12",135.5,227.9,10787,6559
"2017-12-13",135.56,221.8,10512,6400
"2017-12-14",135.91,229.9,10669,6490
"2017-12-15",135.5,226.53,10595,6411
"2017-12-18",134.25,227.4,10680,6287
"2017-12-19",133.96,224.1,10653,6254
"2017-12-20",132.5,226,10613,6256
"2017-12-21",131.7,223.6,10531,6290
"2017-12-22",132.42,221.44,10710,6251
"2017-12-25",131.96,223.3,10655,6237
"2017-12-26",131.2,223.57,10629,6244
"2017-12-27",130.99,226.98,10621,6265
"2017-12-28",130.53,224.2,10694,6270
"2017-12-29",130.5,225.2,10850,6340
"2018-01-03",132.2,231.9,11302,6485
"2018-01-04",135.89,238.8,11585,6629
"2018-01-05",137.12,238.6,11565,6724
"2018-01-09",140,240.4,11675,6600
"2018-01-10",143.43,237.76,11655,6660
"2018-01-11",144.58,239,11662,6651
"2018-01-12",143.99,237.75,11600,6700
"2018-01-15",142.99,238.85,11750,6579
"2018-01-16",145.29,239.64,11375,6400
"2018-01-17",148.7,239.82,11498,6400
"2018-01-18",150.35,245.5,11560,6265
"2018-01-19",149.13,242.45,11470,6240
"2018-01-22",150.3,243.99,11488,6279
"2018-01-23",148.8,244.4,11198,6360
"2018-01-24",149.7,247.53,11325,6345
"2018-01-25",149.8,250.64,11537,6170
"2018-01-26",147.19,247,11420,5539
"2018-01-29",144.75,250.48,11539,5155
"2018-01-30",143.5,257.8,11483,5419
"2018-01-31",143.36,264.5,11608,5330
"2018-02-01",145.39,263.2,11639,5219
"2018-02-02",144,257.32,11496,5032
"2018-02-05",144.53,255.64,11581,4950
"2018-02-06",141.59,258.94,11308,4785
"2018-02-07",141,257.58,11268,4725
"2018-02-08",137.2,253.19,11110,4825
"2018-02-09",135.56,250.11,11101,4808
"2018-02-12",137.3,255.05,11147,4881
"2018-02-13",139.85,258.3,11500,4860
"2018-02-14",138.89,262.03,11761,4820
"2018-02-15",137.06,264.58,11785,4850
"2018-02-16",137.06,266.99,10810,4473
"2018-02-19",138.31,266.85,11171,4251
"2018-02-20",141.32,267.22,11060,4588
"2018-02-21",144,279.2,11300,4793
"2018-02-22",145.97,277.49,11380,5140
"2018-02-26",147,279.97,11874,4803
"2018-02-27",146.5,278.21,11550,4882
"2018-02-28",143.16,272.4,11159,4782
"2018-03-01",140.1,275,11173,4985
"2018-03-02",138.57,273,11248,5058
"2018-03-05",141.6,277,11199,5130
"2018-03-06",140.59,274.03,11161,5000
"2018-03-07",138.56,274,11160,4973
"2018-03-09",139.81,274.6,11077,5115
"2018-03-12",141.35,274.3,11157,5154
"2018-03-13",142.75,273.95,11101,5050
"2018-03-14",138.8,262.5,10881,4970
"2018-03-15",138.25,254.51,10890,5149
"2018-03-16",141,256.15,10927,4957
"2018-03-19",139.91,255,10911,4990
"2018-03-20",142.45,257.15,10950,4930
"2018-03-21",141.51,268.88,10932,4910
"2018-03-22",139.5,265.5,11003,4800
"2018-03-23",142,262,10998,4747
"2018-03-26",138.27,255,10750,4715
"2018-03-27",140.8,258,10728,4755
"2018-03-28",140.47,251.5,10695,4605
"2018-03-29",142.8,252.9,10795,4636
"2018-03-30",142.33,253.57,10760,4680
"2018-04-02",140.32,249.99,10800,4720
"2018-04-03",141.13,251.6,10830,4700
"2018-04-04",140.18,255.69,10735,4651
"2018-04-05",140.5,262,10744,4725
"2018-04-06",141.5,256.76,10733,4694
"2018-04-09",135.01,213,9170,4484
"2018-04-10",141.8,214.8,9810,4518
"2018-04-11",145.27,208,9888,4555
"2018-04-12",145.99,212.21,10376,4730
"2018-04-13",142.58,204.7,10490,4710
"2018-04-16",141.5,192.06,9900,4690
"2018-04-17",142.4,207.5,10229,4790
"2018-04-18",144.75,215.87,10672,4895
"2018-04-19",143.4,213.45,10685,4921
"2018-04-20",144.4,215.36,10615,4825
"2018-04-23",143.99,223.25,10875,4785
"2018-04-24",144.14,223,10860,4729
"2018-04-25",142.7,220.45,10803,4786
"2018-04-26",145.48,220.7,10988,4830
"2018-04-27",144.5,223.91,10989,4875
"2018-04-28",144.3,224.8,10949,4853
"2018-04-30",145.93,226.99,10814,4902
"2018-05-02",144.94,229.02,11040,4893
"2018-05-03",142.7,228.03,10856,4827
"2018-05-04",143.73,228.55,10996,4892
"2018-05-07",144.05,229.86,11150,4870
"2018-05-08",145.48,226.7,11094,4840
"2018-05-10",146.38,233.7,10730,4860
"2018-05-11",150.7,235.72,10729,4901
"2018-05-14",150.98,237.8,10778,4985
"2018-05-15",149.2,231.39,10915,5045
"2018-05-16",148.59,229.8,10800,5170
"2018-05-17",147.15,226.05,10790,5164
"2018-05-18",145.65,222.2,10732,5108
"2018-05-21",146.76,226.21,10922,5185
"2018-05-22",146.5,225.6,10998,5260
"2018-05-23",146.06,221,10850,5185
"2018-05-24",145.27,222.01,10880,5265
"2018-05-25",145.09,220,11090,5210
"2018-05-28",145.09,220.9,11170,5185
"2018-05-29",143.9,219,11144,5087
"2018-05-30",143.26,221.01,11066,5150
"2018-05-31",145,222.36,11111,5111
"2018-06-01",144,220,11150,5112
"2018-06-04",146.44,220,11474,5187
"2018-06-05",146,215.56,11551,5175
"2018-06-06",146.9,217.9,11640,4937
"2018-06-07",146.05,216.41,11644,5030
"2018-06-08",143.05,210.95,11355,4818
"2018-06-09",144.08,212.6,11484,4818
"2018-06-11",142.28,210.35,11500,4750
"2018-06-13",141,215,11275,4702
"2018-06-14",139.4,214,11161,4690
"2018-06-15",137.73,209.36,11066,4710
"2018-06-18",136.52,206.3,11051,4631
"2018-06-19",135.5,206,11126,4592
"2018-06-20",136.91,212.2,11243,4646
"2018-06-21",134.4,210.4,11224,4599
"2018-06-22",136.76,214.43,11222,4572
"2018-06-25",137.1,202.51,11285,4550
"2018-06-26",138.07,199.91,11222,4615
"2018-06-27",139,207.95,11100,4609
"2018-06-28",138.76,208.5,11115,4610
"2018-06-29",141.01,218,11399,4600
"2018-07-02",144,221.01,11600,4623
"2018-07-03",142.49,218.45,11540,4620
"2018-07-04",142.24,217.7,11458,4630
"2018-07-05",145.55,224.54,11566,4528
"2018-07-06",144.96,226.71,11698,4550
"2018-07-09",148,230,11799,4521
"2018-07-10",147.3,230.3,11725,4465
"2018-07-11",144.77,227.57,11260,4446
"2018-07-12",145.08,226.6,11359,4463
"2018-07-13",146.87,229.85,11398,4474
"2018-07-16",147,227.99,10680,4457
"2018-07-17",145.31,222.5,10610,4430
"2018-07-18",138.29,216.28,10574,4440
"2018-07-19",137.58,207.5,10350,4342
"2018-07-20",136.47,204.34,10255,4300
"2018-07-23",138.37,208.42,10314,4285
"2018-07-24",138.85,215.45,10760,4180
"2018-07-25",138.21,213.7,10845,4050
"2018-07-26",138.18,210,10827,4280
"2018-07-27",137.99,208.9,10848,4270
"2018-07-30",138.9,211.33,10866,4214
"2018-07-31",143.79,214.86,10882,4128
"2018-08-01",142.14,210.6,10782,4187
"2018-08-02",140.36,206.6,10700,4179
"2018-08-03",142.39,202.21,10814,4205
"2018-08-06",141.34,203.9,10770,4230
"2018-08-07",142.74,201.79,10830,4240
"2018-08-08",144.1,193.2,10830,4228
"2018-08-09",145.2,195.9,10999,4189
"2018-08-10",144.8,186.15,10800,4033
"2018-08-13",142.9,190,11005,4039
"2018-08-14",141.24,192.76,10990,3995
"2018-08-15",141.5,187.98,11000,4016
"2018-08-16",140.88,191.6,10901,4035
"2018-08-17",141.01,189.55,10821,4033
"2018-08-20",141.51,191.2,10950,4108
"2018-08-21",143.3,191.8,10930,4235
"2018-08-22",144.16,187.8,11074,4170
"2018-08-23",141.5,178.71,10950,4157
"2018-08-24",143.6,180.39,11015,4141
"2018-08-27",144.52,183.27,11072,4175
"2018-08-28",145.6,182,11250,4205
"2018-08-29",147.88,183.5,11338,4192
"2018-08-30",145.98,178,11262,4098
"2018-08-31",149.95,182,11220,4057
"2018-09-03",148.73,181.21,11287,4037
"2018-09-04",147.4,179.5,11250,4045
"2018-09-05",147.06,178.46,11136,4110
"2018-09-06",147.06,175,11206,4058
"2018-09-07",148.8,174.9,11200,4049
"2018-09-10",150.75,171.21,11365,4040
"2018-09-11",152.36,169.36,11456,4018
"2018-09-12",155.05,173.9,11565,4095
"2018-09-13",153.5,183.5,11637,4070
"2018-09-14",152.15,188.71,11525,4163
"2018-09-17",155.46,188.11,11540,4185
"2018-09-18",157.08,191.65,11587,4196
"2018-09-19",157.39,193.9,11651,4258
"2018-09-20",154.35,191.16,11705,4200
"2018-09-21",158.64,193.44,12073,4190
"2018-09-24",159,198.75,11916,4141
"2018-09-25",160.84,195.55,11957,4185
"2018-09-26",159.27,195.79,11886,3992
"2018-09-27",161.8,204.1,11830,3840
"2018-09-28",162.61,203.32,11388,3835
"2018-10-01",161.89,204.2,11307,3825
"2018-10-02",162.59,199.5,11229,3840
"2018-10-03",169.47,198.3,11365,3852
"2018-10-04",168.5,189.35,11416,3840
"2018-10-05",170.5,187.2,11292,3830
"2018-10-08",171.81,191.85,11321,3771
"2018-10-09",172.11,191.25,11403,3582
"2018-10-10",166.2,189.89,11376,3490
"2018-10-11",161.92,185.27,11253,3440
"2018-10-12",167,191.85,11170,3490
"2018-10-15",164,190.92,11088,3560
"2018-10-16",165.99,196.05,11264,3540
"2018-10-17",164.56,194.05,11430,3581
"2018-10-18",160.18,191,11360,3588
"2018-10-19",161.32,183.8,11378,3580
"2018-10-22",155.7,180.7,11291,3487
"2018-10-23",153.61,181,11061,3465
"2018-10-24",154.7,188.01,11025,3461
"2018-10-25",155.65,186.71,10902,3515
"2018-10-26",152.5,181,10650,3461
"2018-10-29",152.52,185.59,10679,3541
"2018-10-30",151.3,184.78,10702,3606
"2018-10-31",155.47,189.8,11000,3590
"2018-11-01",153.5,188.67,11250,3640
"2018-11-02",153.71,192.6,11470,3660
"2018-11-06",156,197.8,11565,3695
"2018-11-07",157.85,201.9,11695,3720
"2018-11-08",157.51,202.89,11698,3735
"2018-11-09",153.19,195.75,11689,3700
"2018-11-12",150.89,196.82,11608,3656
"2018-11-13",148.83,196.56,11608,3629.5
"2018-11-14",151.85,199.2,11683,3549
"2018-11-15",154.14,200.15,11701,3543.5
"2018-11-16",153.16,199.26,11714,3478
"2018-11-19",154.1,197.99,11746,3500
"2018-11-20",151.51,194.21,11742,3454.5
"2018-11-21",152.4,197.5,11820,3496
"2018-11-22",153.91,199.4,11876,3493
"2018-11-23",151.79,197.3,11954,3461
"2018-11-26",149.53,188.5,11959,3490
"2018-11-27",153.8,191.03,12379,3500
"2018-11-28",165.58,190.2,12770,3500
"2018-11-29",164.99,195.76,12691,3500
"2018-11-30",161.29,194,12738,3500
"2018-12-03",165.4,200.3,12817,3500
"2018-12-04",164.2,199,12666,3630
"2018-12-05",164.57,196,12820,3669
"2018-12-06",160.62,192.19,12699,3699
"2018-12-07",163,195.01,12745,3719
"2018-12-10",161,191.8,12630,3685
"2018-12-11",158.6,192.57,12738,3595
"2018-12-12",155.79,190.45,12890,3600.5
"2018-12-13",156.49,189.17,13220,3653.5
"2018-12-14",155.4,184.93,13160,3644
"2018-12-17",153.53,182.3,13349,3671.5
"2018-12-18",151.89,186.6,13212,3725
"2018-12-19",152.98,188.85,13125,3675
"2018-12-20",152.27,189.3,13217,3565
"2018-12-21",151.12,186.79,13014,3537
"2018-12-24",149.73,184.3,12783,3503.5
"2018-12-25",147.01,183.3,12555,3439.5
"2018-12-26",148.41,183.4,12867,3491.5
"2018-12-27",150.68,185,12889,3440
"2018-12-28",153,186.5,13073,3475
"2018-12-29",153.5,186.3,13039,3511.5
"2019-01-03",156.28,186.99,12993,3576
"2019-01-04",159.15,190.99,13070,3600
"2019-01-08",158.26,191.24,13128,3680
"2019-01-09",160.24,197,13229,3698.5
"2019-01-10",160.2,196.75,13343,3830
"2019-01-11",161,196.8,13437,3827
"2019-01-14",160.48,196.8,13389,3790.5
"2019-01-15",158.15,198,13389,3920
"2019-01-16",156.9,201.26,13180,3970
"2019-01-17",157.1,203.32,13282,4155
"2019-01-18",159.2,208.44,13359,4152
"2019-01-21",158.3,207.17,13353,4140
"2019-01-22",158.5,207.95,13306,4200
"2019-01-23",159.9,210.4,13378,4300
"2019-01-24",160.9,212.2,13369,4256
"2019-01-25",162.82,212,13312,4191
"2019-01-28",160.56,209.7,13089,4147
"2019-01-29",162.95,213.61,13260,4188
"2019-01-30",165.4,213.14,13639,4164
"2019-01-31",162.82,217.9,13596,4155
"2019-02-01",163.33,216.29,13534,4133
"2019-02-04",163.2,215.5,13500,4130
"2019-02-05",164.25,217.85,13588,4054
"2019-02-06",163.21,216.59,13690,4025.5
"2019-02-07",160.39,211.01,13650,4029.5
"2019-02-08",159.8,210.43,13732,4039.5
"2019-02-11",161.29,214,13702,4035
"2019-02-12",163.68,219.1,13780,4035
"2019-02-13",159.27,213.9,13552,3988
"2019-02-14",155.15,204.43,13740,3895.5
"2019-02-15",159.04,208,13750,3896
"2019-02-18",156.43,204.19,13660,3910
"2019-02-19",154.03,202.08,13800,3900
"2019-02-20",154.43,206.89,14250,3950
"2019-02-21",153.5,203.41,14052,3945.5
"2019-02-22",154.64,205.25,14122,3962.5
"2019-02-25",154.6,205.86,14594,3922.5
"2019-02-26",155.36,205.8,14420,3875.5
"2019-02-27",156.4,205.4,14302,3803
"2019-02-28",158.99,207.8,14114,3780
"2019-03-01",156.71,206.54,14100,3904
"2019-03-04",154.4,205.5,13794,3860
"2019-03-05",153.2,202.92,13770,3900
"2019-03-06",154.2,205,14442,3859
"2019-03-07",151.9,203.95,14442,3850
"2019-03-11",151.6,205.25,14100,3801.5
"2019-03-12",151.64,205.1,14380,3790
"2019-03-13",153.3,206,13850,3830
"2019-03-14",152.68,203.66,13952,3750
"2019-03-15",154.56,203.55,14226,3776.5
"2019-03-18",155.84,205.9,14284,3788
"2019-03-19",155.5,207.7,14350,3792
"2019-03-20",156.09,209.8,14316,3761
"2019-03-21",155.33,210.61,14290,3730
"2019-03-22",152.29,207.7,14280,3688
"2019-03-25",152.29,214,14280,3715.5
"2019-03-26",151.12,218,14300,3760
"2019-03-27",149.49,214.1,13874,3700
"2019-03-28",149.98,215.07,13436,3689
"2019-03-29",149.61,214.42,13720,3640
"2019-04-01",154.53,217.7,13994,3690.5
"2019-04-02",155,218.23,14160,3680
"2019-04-03",156.99,219.05,14186,3715
"2019-04-04",158.89,221.8,14288,3666
"2019-04-05",158.6,227.5,14332,3610
"2019-04-08",160.5,232.3,14348,3652
"2019-04-09",162.7,238,14400,3610
"2019-04-10",162.88,243.68,14440,3560.5
"2019-04-11",158.04,238.86,14230,3548
"2019-04-12",159.12,239.5,14418,3550.5
"2019-04-15",158.33,237.8,14392,3500
"2019-04-16",162.24,233.24,14558,3496
"2019-04-17",164,234.3,14600,3581
"2019-04-18",161.79,232.79,14510,3595
"2019-04-19",162.57,232.6,14510,3597
"2019-04-22",163.5,235.41,14528,3578.5
"2019-04-23",162.42,235.67,14430,3675
"2019-04-24",160.57,236,14316,3639.5
"2019-04-25",159.31,227.8,14470,3649.5
"2019-04-26",161,223.18,14720,3590
"2019-04-29",163.93,228.8,14490,3630.5
"2019-04-30",163.95,225.17,14342,3720
"2019-05-02",165.71,229.1,14280,3746
"2019-05-03",166.31,232.52,14238,3795
"2019-05-06",165.45,232.8,14400,3758.5
"2019-05-07",164.21,231.49,14152,3781
"2019-05-08",163.57,230,14108,3815
"2019-05-10",163.61,227,13922,3710
"2019-05-13",163,224.22,13970,3730
"2019-05-14",189.67,227.88,13954,3795
"2019-05-15",195.61,228.69,13800,3728.5
"2019-05-16",202.7,228.19,13560,3700
"2019-05-17",198.89,226.94,13590,3700
"2019-05-20",200.8,226,13358,3659
"2019-05-21",207.8,232.71,13548,3619
"2019-05-22",208.1,235.86,13782,3616
"2019-05-23",208.86,229.3,13520,3552
"2019-05-24",204.5,234.45,13602,3565
"2019-05-27",206.2,236,13710,3615
"2019-05-28",203.13,233.19,13640,3630
"2019-05-29",207.14,233.4,13708,3670
"2019-05-30",213.1,232.75,13700,3673.5
"2019-05-31",215.1,233.24,13718,3738.5
"2019-06-03",235.51,239.95,13770,3850
"2019-06-04",230.16,236,13796,3860
"2019-06-05",230.01,239,13772,3853
"2019-06-06",231.45,244.89,13850,3839.5
"2019-06-07",230.5,248.28,13802,3820
"2019-06-10",232.1,249,13852,3797
"2019-06-11",234.86,235.89,14304,3781
"2019-06-13",234.44,240.49,14676,3650
"2019-06-14",231.51,238.8,14602,3650
"2019-06-17",229.81,237.8,14506,3740
"2019-06-18",232.13,241.8,14750,3741
"2019-06-19",232.46,240.4,14868,3759.5
"2019-06-20",232.52,244.1,14224,3805.5
"2019-06-21",229.09,238.02,14180,3753
"2019-06-24",232.38,239.09,14272,3718.5
"2019-06-25",232.09,236.7,14060,3690
"2019-06-26",233.1,240.59,14148,3865
"2019-06-27",232.6,240.5,14168,3791
"2019-06-28",232.83,238.55,14308,3735
"2019-07-01",245.5,242.98,14236,3729.5
"2019-07-02",246.65,241.2,14420,3769
"2019-07-03",251.6,241.51,14432,3785
"2019-07-04",255.35,242.82,14280,3833
"2019-07-05",250.89,242.83,14450,3832.5
"2019-07-08",248.51,243.3,14366,3935
"2019-07-09",250.17,242.74,14292,3930
"2019-07-10",250.21,243.76,14270,3911
"2019-07-11",247.2,241.3,14146,3860
"2019-07-12",245.5,237.02,14194,3863.5
"2019-07-15",240.3,235.27,14266,3878.5
"2019-07-16",238.01,234.75,14440,3867
"2019-07-17",220.19,234.63,14480,3869.5
"2019-07-18",218.3,234.78,14770,3845.5
"2019-07-19",216,232.85,14902,3820
"2019-07-22",217.12,230.35,14652,3751
"2019-07-23",217.39,232.48,14668,3807
"2019-07-24",212,230.65,14648,3800
"2019-07-25",219,232.9,14590,3793.5
"2019-07-26",234.23,230.55,14392,3780
"2019-07-29",236.73,232.8,14416,3784.5
"2019-07-30",237.1,236,14510,3782.5
"2019-07-31",236.9,233.49,14646,3785
"2019-08-01",234.28,229.5,14448,3759
"2019-08-02",227.91,220.81,14320,3690
"2019-08-05",223.61,222.24,14192,3581
"2019-08-06",226.76,226.01,14482,3594
"2019-08-07",227.67,222.25,14700,3532.5
"2019-08-08",231.21,223.93,15084,3582.5
"2019-08-09",229.96,220.67,14800,3545
"2019-08-12",230.24,222.3,15024,3559
"2019-08-13",229.87,223.18,14858,3585.5
"2019-08-14",227.1,217.11,14804,3605
"2019-08-15",227.15,214.59,14924,3586
"2019-08-16",224.71,215.05,14652,3601
"2019-08-19",226.8,217.4,14758,3633
"2019-08-20",231.54,216,15150,3584
"2019-08-21",231.22,218.62,15120,3571
"2019-08-22",232.06,219.5,15460,3535
"2019-08-23",229.35,219.5,15382,3520.5
"2019-08-26",228.9,218.5,15340,3529.5
"2019-08-27",227,217.89,15386,3525.5
"2019-08-28",228.48,218.3,15430,3543.5
"2019-08-29",233.2,221.5,15558,3580
"2019-08-30",232.15,224.2,16088,3690
"2019-09-02",233.67,226.68,16500,3656
"2019-09-03",231.02,224,16340,3624
"2019-09-04",233.71,227.1,16500,3608
"2019-09-05",236.18,230.79,16390,3599.5
"2019-09-06",234.49,229.02,16198,3574.5
"2019-09-09",234.85,229,15940,3550
"2019-09-10",233,233.3,15944,3575
"2019-09-11",235.07,234.72,16004,3585
"2019-09-12",232.88,234.57,15950,3625
"2019-09-13",232.5,233,15650,3620
"2019-09-16",234.88,235.32,15846,3633
"2019-09-17",233.58,235.89,15830,3650
"2019-09-18",233.46,235.3,16100,3671.5
"2019-09-19",230.52,234.98,15954,3620
"2019-09-20",230.41,232,16128,3630
"2019-09-23",230.36,229.7,16308,3630
"2019-09-24",227.7,227.5,16096,3562
"2019-09-25",228.43,228.09,16272,3539.5
"2019-09-26",231.97,229.09,16388,3587
"2019-09-27",229.01,228.05,16468,3559.5
"2019-09-30",225.9,227.71,16686,3558
"2019-10-01",226.49,226.49,16720,3540.5
"2019-10-02",223.6,223.5,16670,3504
"2019-10-03",223.1,224.08,16602,3427
"2019-10-04",221.66,222.76,15894,3379.5
"2019-10-07",226.36,227.55,16048,3355
"2019-10-08",223.2,226.03,16030,3292.5
"2019-10-09",223.18,227.7,16104,3321.5
"2019-10-10",224.5,228.5,16140,3277
"2019-10-11",227.37,230.31,16078,3211.5
"2019-10-14",226,228.4,15940,3136.5
"2019-10-15",226,229.4,16022,3215
"2019-10-16",227.7,231,16156,3254.5
"2019-10-17",228,233.5,16170,3239.5
"2019-10-18",228,235.55,16250,3215
"2019-10-21",228.54,234.94,16306,3175
"2019-10-22",235.36,239.77,16462,3230
"2019-10-23",236.2,239.57,16544,3214
"2019-10-24",243.94,242.78,17130,3231
"2019-10-25",246.71,240,17200,3182
"2019-10-28",244.4,237.03,17714,3168
"2019-10-29",253.1,240.11,17948,3211
"2019-10-30",261.6,239.51,18192,3201.5
"2019-10-31",260,234.89,17888,3232
"2019-11-01",263.79,236.4,18186,3273.5
"2019-11-05",263,238.53,18140,3346.5
"2019-11-06",266.98,239.02,18304,3350
"2019-11-07",270.74,242.5,18706,3360
"2019-11-08",266,240.17,18520,3303
"2019-11-11",260.4,241.5,18112,3305
"2019-11-12",257.25,239.87,17642,3320.5
"2019-11-13",251.8,237.21,17422,3333
"2019-11-14",248.34,237.5,17426,3317
"2019-11-15",248.01,240,17680,3305.5
"2019-11-18",246.15,237.45,17358,3294.5
"2019-11-19",248.01,239.25,17592,3334
"2019-11-20",248,237.78,17646,3314
"2019-11-21",254.35,237.15,17658,3270
"2019-11-22",251.99,238.13,17476,3261
"2019-11-25",255.2,237.98,17344,3240
"2019-11-26",254,235,17240,3241.5
"2019-11-27",253.89,234.22,17212,3245.5
"2019-11-28",254,235.2,17172,3259.5
"2019-11-29",257.54,233.98,17046,3283
"2019-12-02",254.05,233.77,17094,3253.5
"2019-12-03",247.93,230.66,17304,3180
"2019-12-04",248.93,231.59,17246,3195.5
"2019-12-05",246.36,231.71,17622,3199
"2019-12-06",247.83,235.14,18048,3207
"2019-12-09",248.7,237.04,18420,3231.5
"2019-12-10",246.9,237.91,18478,3234
"2019-12-11",247.34,240.32,18678,3230.5
"2019-12-12",250.48,241.05,18928,3235
"2019-12-13",249.5,241.21,19474,3265.5
"2019-12-16",250.78,241.45,19722,3265.5
"2019-12-17",252.05,241.6,19504,3272.5
"2019-12-18",251.29,246.2,19626,3271
"2019-12-19",251.4,244,19796,3276
"2019-12-20",255.5,244.71,19776,3297
"2019-12-23",255,248.8,19676,3340
"2019-12-24",254.87,248.67,19630,3371.5
"2019-12-25",253.25,248.04,19890,3416
"2019-12-26",254.1,248.24,19220,3449
"2019-12-27",257.11,252.06,19292,3428
"2019-12-30",256.4,254.75,19102,3425
"2020-01-03",259,255,19448,3445.5
"2020-01-06",256.55,253.9,19588,3416
"2020-01-08",255.79,259.15,19850,3427
"2020-01-09",254.07,257.99,19838,3348
"2020-01-10",251.9,258.19,19878,3319.5
"2020-01-13",251.5,262.4,20362,3345
"2020-01-14",250,259.05,20000,3339
"2020-01-15",251.3,256.31,20396,3440
"2020-01-16",254.26,257.51,20900,3625
"2020-01-17",255.39,262.5,21524,3623
"2020-01-20",253.5,266.28,21850,3855
"2020-01-21",252.99,268.06,21450,3840
"2020-01-22",248.1,266.54,21310,3750
"2020-01-23",239.3,263.73,21146,3702.5
"2020-01-24",237.95,265.49,21188,3796
"2020-01-27",230.96,255.32,21100,3708.5
"2020-01-28",235,257.7,21282,3751
"2020-01-29",232,259.94,21230,3819.5
"2020-01-30",231.53,257.31,20880,3830
"2020-01-31",226.7,252.2,20800,3727
"2020-02-03",227.64,253.99,20410,3720.5
"2020-02-04",230.5,255.4,20898,3750
"2020-02-05",232.56,255.2,21316,3783.5
"2020-02-06",231.38,252.11,21240,3713
"2020-02-07",229.11,254.3,21200,3640
"2020-02-10",225.2,252.26,21442,3564.5
"2020-02-11",233.9,254.5,21910,3575
"2020-02-12",238.03,254.5,21966,3760
"2020-02-13",233.55,253.89,21510,3750
"2020-02-14",232.5,251.75,21530,3669
"2020-02-17",233.75,251.36,21790,3697
"2020-02-18",230.5,249.2,21818,3620
"2020-02-19",231.9,249.7,22520,3640.5
"2020-02-20",234.6,250.15,22342,3641
"2020-02-21",232,250.8,22220,3625
"2020-02-25",224.68,245.19,21554,3503
"2020-02-26",224.76,250.8,21826,3529
"2020-02-27",217.5,242.88,21238,3345
"2020-02-28",202.65,233.36,20250,3160.5
"2020-03-02",198.78,228.17,20160,3201
"2020-03-03",201.48,236.63,20714,3150
"2020-03-04",200,235.27,20756,3130
"2020-03-05",198,232.33,20780,3121
"2020-03-06",188.27,219.99,21762,2984
"2020-03-10",171,201.2,21230,2669.5
"2020-03-11",172.03,194.53,20238,2705
"2020-03-12",163.73,175.91,18500,2337
"2020-03-13",166.1,198.6,18038,2501
"2020-03-16",168.07,195.85,17090,2636
"2020-03-17",167,184.01,17180,2765.5
"2020-03-18",166.34,174.27,15500,2780
"2020-03-19",174.56,189.51,16252,2950
"2020-03-20",176.26,195.69,16358,3002.5
"2020-03-23",168.35,183.37,16240,2986
"2020-03-24",177.95,192.64,19028,3020
"2020-03-25",180.2,188.08,19930,3070
"2020-03-26",181.5,188.07,20100,3249.5
"2020-03-27",174.5,180.38,19306,3140
"2020-03-30",176.44,183,19462,3128.5
"2020-03-31",181.41,187.21,19518,3202.5
"2020-04-01",180.06,184.78,18952,3140
"2020-04-02",187.04,186.95,18998,3190
"2020-04-03",189.77,185.64,19032,3189
"2020-04-06",191.1,190.7,19590,3262
"2020-04-07",191.22,197.63,19780,3255
"2020-04-08",194.11,200.29,20164,3372.5
"2020-04-09",193.86,203.61,21138,3318
"2020-04-10",192,201.99,20650,3321.5
"2020-04-13",188.07,198.26,20100,3286
"2020-04-14",190.11,197.37,20702,3362
"2020-04-15",184.25,186.07,19646,3244.5
"2020-04-16",184.3,188.5,19520,3196.5
"2020-04-17",184.68,191.8,19718,3236
"2020-04-20",185.51,189.32,20036,3165
"2020-04-21",181.92,186.05,19240,3142.5
"2020-04-22",188.36,190.2,19614,3205
"2020-04-23",188.73,190.94,20216,3287
"2020-04-24",185.71,188.91,20150,3215.5
"2020-04-27",186.29,188.9,20034,3356
"2020-04-28",188.5,192.8,20054,3380
"2020-04-29",193.87,195.8,20596,3467
"2020-04-30",190,197.25,20478,3690
"2020-05-04",185.7,193.69,20126,3760
"2020-05-05",190,194.75,20034,3702
"2020-05-06",187.05,195.7,19940,3690
"2020-05-07",185.85,195.51,20224,3694
"2020-05-08",185.34,196.02,20144,3663
"2020-05-12",186.17,191.4,21016,3575.5
"2020-05-13",184.2,187.31,20762,3631
"2020-05-14",183.91,183.81,20104,3508
"2020-05-15",183.85,183.85,20206,3544.5
"2020-05-18",192.5,188.93,21474,3619.5
"2020-05-19",194.2,189,21920,3657
"2020-05-20",196.74,193.98,22952,3640
"2020-05-21",194.74,192.4,22536,3600
"2020-05-22",194.35,188.9,22002,3616
"2020-05-25",197.55,191,22394,3635
"2020-05-26",196.86,194,22118,3615.5
"2020-05-27",194.73,198.51,22110,3744.5
"2020-05-28",196.86,205,22544,3827
"2020-05-29",199.95,200.5,22110,3740
"2020-06-01",198.72,203.66,22026,3832
"2020-06-02",201.97,212,22220,3899.5
"2020-06-03",208,221.5,21824,3869
"2020-06-04",201.46,213.1,20000,3836
"2020-06-05",203.05,219.1,20400,3846
"2020-06-08",204.91,220.3,20502,3950
"2020-06-09",204.84,217.23,20248,3929
"2020-06-10",201.75,212.53,20240,3995
"2020-06-11",196.74,208.35,19482,4004
"2020-06-15",194.2,207.32,19058,3985.5
"2020-06-16",196.59,207.76,19472,3950
"2020-06-17",195.86,208.14,19256,3945
"2020-06-18",193,203.77,18926,3820
"2020-06-19",195.81,207,19004,3980
"2020-06-22",194.3,206.4,19122,4076
"2020-06-23",194.83,207.3,19636,4115
"2020-06-25",192.25,206.92,19850,4140.5
"2020-06-26",193,203.15,19678,4180.5
"2020-06-29",197.94,205.8,19196,4156.5
"2020-06-30",194.31,203.22,18784,4035
"2020-07-02",195.28,209.6,18754,4202
"2020-07-03",197.2,210.95,19000,4222
"2020-07-06",199.99,214.61,18260,4332
"2020-07-07",197.96,210.53,18574,4242
"2020-07-08",201.17,210.97,18970,4225
"2020-07-09",199.44,209.11,18596,4337
"2020-07-10",200.94,212.28,18550,4307
"2020-07-13",195.7,208.39,17946,4291
"2020-07-14",193.6,209.5,17826,4259.5
"2020-07-15",182.26,211.09,17978,4298
"2020-07-16",183.32,211.35,18112,4303.5
"2020-07-17",184.65,210.81,18350,4302
"2020-07-20",188.36,213.89,18394,4476.5
"2020-07-21",186.78,215.73,18380,4648
"2020-07-22",187.15,216.71,18234,4690
"2020-07-23",184.69,215.41,18724,4720
"2020-07-24",185.45,215.97,19060,4782.5
"2020-07-27",185.03,216.9,19790,4752
"2020-07-28",184.3,215.53,19618,4768
"2020-07-29",184.69,219.18,19808,4698
"2020-07-30",182.52,218.15,19620,4675.5
"2020-07-31",182.59,221.57,19650,4586
"2020-08-03",183.6,226.72,20018,4614
"2020-08-04",183.31,227.16,20398,4658.5
"2020-08-05",189.15,226.4,20886,4632
"2020-08-06",189.07,226,20842,4606.5
"2020-08-07",187.23,227.28,20438,4618
"2020-08-10",187.7,225.99,20612,4613.5
"2020-08-11",189.7,232.65,20426,4622
"2020-08-12",192.8,242.4,20770,4619.5
"2020-08-13",193.76,241.39,20930,4738.5
"2020-08-14",192.83,239.99,20786,4763.5
"2020-08-17",190.47,237.8,20710,4688
"2020-08-18",190.3,236.3,20798,4690.5
"2020-08-19",189.26,239.4,20500,4671.5
"2020-08-20",186.95,232.48,19988,4561.5
"2020-08-21",184.51,231.22,19942,4523
"2020-08-24",187.1,231.81,20000,4608
"2020-08-25",186.25,228.08,19830,4642.5
"2020-08-26",187.48,227.8,19976,4666
"2020-08-27",184.58,226.23,19670,4728
"2020-08-28",182.9,226.3,19364,4581.5
"2020-08-31",181.01,226.1,19394,4474.5
"2020-09-01",184.22,227.64,19930,4497.5
"2020-09-02",181.95,222.57,19916,4564.5
"2020-09-03",179.13,218.32,19838,4565
"2020-09-04",179.55,222.21,19924,4590.5
"2020-09-07",177.04,221.32,20006,4558.5
"2020-09-08",172.95,217.68,19890,4535
"2020-09-09",173.69,218,19708,4456
"2020-09-10",173.8,220.6,19528,4475
"2020-09-11",178.05,221.07,19354,4663.5
"2020-09-14",178.19,227.37,19492,4671.5
"2020-09-15",182.22,231.5,19634,4724.5
"2020-09-16",183.26,231.06,19270,4710
"2020-09-17",183.9,231.46,19370,4863
"2020-09-18",181.52,230.3,19300,4805
"2020-09-21",177.17,226.25,18694,4772.5
"2020-09-22",179,229.88,18758,4962
"2020-09-23",177,228.5,18860,4989.5
"2020-09-24",174.23,228.17,18780,5057
"2020-09-25",173.77,228.24,18888,5025
"2020-09-28",172.74,228.63,18826,5080
"2020-09-29",171.44,225.48,18800,4965.5
"2020-09-30",169.97,229.14,18762,4956
"2020-10-01",168.4,227.23,18726,4896
"2020-10-02",169.47,208.8,18840,4906.5
"2020-10-05",170.64,208.89,19282,4895
"2020-10-06",171.35,211.18,18782,4879
"2020-10-07",168.23,210.6,18654,4766.5
"2020-10-08",167.43,207.97,18924,4722
"2020-10-09",166.97,205.38,19450,4690.5
"2020-10-12",169.05,206.18,19534,4859
"2020-10-13",166.37,205.03,19604,4837
"2020-10-14",167.24,207.83,19792,4912
"2020-10-15",167.16,203.85,19680,4741
"2020-10-16",163.98,201.17,19682,4782
"2020-10-19",163.6,202.78,19858,4914.5
"2020-10-20",166.53,209.54,20192,4910.5
"2020-10-21",164.37,210.33,19828,4863
"2020-10-22",165.27,210.21,19672,4900.5
"2020-10-23",164.96,214.5,19838,4855.5
"2020-10-26",162.17,211.1,19514,4799.5
"2020-10-27",159.21,207.64,19150,4784
"2020-10-28",154.3,204.73,18548,4702
"2020-10-29",156.74,205.58,18998,4659
"2020-10-30",154.28,200.99,18864,4706
"2020-11-02",157.74,204.5,19334,4829
"2020-11-03",161.09,209.2,19512,4770
"2020-11-05",163.7,216.7,19684,4741.5
"2020-11-06",164.92,217.5,20138,4796
"2020-11-09",170.13,228.05,20590,4893.5
"2020-11-10",172.92,236.1,20626,4945
"2020-11-11",170.53,244.2,20510,4780
"2020-11-12",172.91,242.08,20448,4910
"2020-11-13",180.3,242.99,20486,4932
"2020-11-16",185.32,247.99,20780,4982
"2020-11-17",182.9,245.7,20602,4891.5
"2020-11-18",185,242.71,20720,4980
"2020-11-19",184.16,240.27,20660,5012.5
"2020-11-20",183.21,239.42,20734,4933
"2020-11-23",184.15,239.7,21028,4945
"2020-11-24",186.76,247.33,21578,4910
"2020-11-25",188.03,251.91,21460,4891.5
"2020-11-26",185.52,250.1,21570,4971.5
"2020-11-27",185.9,251.59,21720,4985.5
"2020-11-30",181.89,249.63,21476,4979
"2020-12-01",185.34,260.81,21908,5019.5
"2020-12-02",187.22,264.06,22906,4995
"2020-12-03",185.12,263.14,23136,5008
"2020-12-04",188.79,270,23188,4992.5
"2020-12-07",190.76,274.36,23084,5008
"2020-12-08",190,275.49,22842,5040.5
"2020-12-09",189.35,276.89,23170,5384
"2020-12-10",192.95,282.2,24048,5384.5
"2020-12-11",201.5,283.73,24056,5381
"2020-12-14",199.91,279.95,23944,5512
"2020-12-15",201,278.7,23692,5494
"2020-12-16",206.2,278.35,23378,5432
"2020-12-17",214.52,278.5,23472,5421
"2020-12-18",212.69,270.16,23438,5449
"2020-12-21",203.46,261.79,23400,5362
"2020-12-22",208.4,262.04,23760,5346
"2020-12-23",207.63,270.1,23386,5356
"2020-12-24",206.24,269.32,23220,5424.5
"2020-12-25",205.03,270.64,23340,5474.5
"2020-12-28",206.11,274.7,23620,5599
"2020-12-29",208.75,272,23528,5643
"2020-12-30",212.98,271.65,23682,5685.5
"2021-01-04",212.71,272,24314,5744
"2021-01-05",215.32,275.2,24676,5762.5
"2021-01-06",214.38,272.93,25024,5534
"2021-01-08",225.49,283.64,26544,5478
"2021-01-11",227.6,289.49,26290,5484.5
"2021-01-12",228.69,289.99,25934,5450.5
"2021-01-13",226.8,283.78,25976,5410
"2021-01-14",228.86,284.79,26432,5375.5
"2021-01-15",226.5,276.9,25796,5210
"2021-01-18",226.88,279.79,25874,5219
"2021-01-19",223.15,278.19,25826,5183.5
"2021-01-20",224.3,279.8,26550,5161.5
"2021-01-21",217.28,274.4,26538,5060
"2021-01-22",215.49,268.25,26172,4991
"2021-01-25",218.68,265.3,25982,5168.5
"2021-01-26",218.8,269.34,25768,5175
"2021-01-27",217.4,265.5,24996,5087.5
"2021-01-28",217.7,265.96,25230,5060
"2021-01-29",212.83,258.11,24364,4924
"2021-02-01",214.66,263.8,24866,4948.5
"2021-02-02",214.42,263.15,24770,5014.5
"2021-02-03",218.1,263.53,25312,5048.5
"2021-02-04",219.79,270.11,25766,5062.5
"2021-02-05",222.01,271.7,25478,4996
"2021-02-08",228,275.2,25804,5107.5
"2021-02-09",227.73,268.98,25458,5273
"2021-02-10",223.24,265.9,25342,5197
"2021-02-11",221.35,264.7,25432,5117.5
"2021-02-12",226.71,266,25390,5169
"2021-02-15",229.22,271.81,26328,5280
"2021-02-16",232.46,270.9,26208,5297.5
"2021-02-17",229.14,270.9,26488,5260
"2021-02-18",224.47,266.99,26702,5155.5
"2021-02-19",226,271.34,28130,5172.5
"2021-02-20",225.84,270.51,27088,5149.5
"2021-02-22",225.63,273.71,26156,5098
"2021-02-24",222.55,271.9,24846,5008
"2021-02-25",221.7,270.71,23204,4919.5
"2021-02-26",217.56,270.17,23502,4929
"2021-03-01",221.47,273.58,24268,4970.5
"2021-03-02",222.74,279.1,23774,5068.5
"2021-03-03",222.15,278.01,23304,5030
"2021-03-04",221.14,274.75,22172,4965.5
"2021-03-05",227,277.5,22348,5010
"2021-03-09",232.1,285.79,22954,4980.5
"2021-03-10",231.69,282.24,23164,5070
"2021-03-11",232.47,286,23396,5096.5
"2021-03-12",233.8,284.93,23746,5135.5
"2021-03-15",237.79,292.74,24114,5217.5
"2021-03-16",234.02,292.33,22846,5170.5
"2021-03-17",229.9,283.35,22878,5274.5
"2021-03-18",224.35,279.25,22596,5362
"2021-03-19",225.4,285.47,22686,5428.5
"2021-03-22",221.88,288.65,22766,5409
"2021-03-23",221.62,282.6,22238,5300.5
"2021-03-24",223.65,285.79,21326,5354.5
"2021-03-25",224.84,286.66,21252,5294.5
"2021-03-26",227.3,291.22,22206,5348
"2021-03-29",228.74,293.3,23116,5300
"2021-03-30",225.93,293.25,23172,5281
"2021-03-31",227.24,291.02,23704,5344.5
"2021-04-01",226.94,290.24,23776,5293.5
"2021-04-02",228.4,291.7,23860,5301.5
"2021-04-05",225.06,288.78,23736,5254.5
"2021-04-06",222.95,281.5,23180,5110.5
"2021-04-07",224.51,283.98,23602,5080
"2021-04-08",224.3,283.89,23924,5099
"2021-04-09",222.15,281.07,24410,5135
"2021-04-12",222.87,281.75,25432,5180
"2021-04-13",227.99,287.95,25384,5134.5
"2021-04-14",235.32,287.18,24886,5095
"2021-04-15",234.63,283.72,25112,5111.5
"2021-04-16",235.1,288.5,25480,5111.5
"2021-04-19",231.17,287.72,25240,5095.5
"2021-04-20",230,287.42,25202,5086
"2021-04-21",230.84,289.25,25308,5140
"2021-04-22",230.93,292.18,25690,5153.5
"2021-04-23",232.62,293.19,25770,5258
"2021-04-26",233.23,295.27,26444,5277
"2021-04-27",232,298.5,26952,5255
"2021-04-28",232.96,298.49,26326,5226
"2021-04-29",230.51,297.1,26334,5113.5
"2021-04-30",231.38,297.73,25732,5119
"2021-05-04",233.8,303.7,26202,5195
"2021-05-05",237.5,305.99,26646,5211
"2021-05-06",243,314.72,26824,5170
"2021-05-07",241.7,317.94,27000,5129.5
"2021-05-10",241.41,320.19,27046,5091.5
"2021-05-11",242.5,307.16,27338,5156
"2021-05-12",241.79,302.02,27266,5099.5
"2021-05-13",247.16,306.74,27388,5122
"2021-05-14",249.55,304.1,27390,5155.5
"2021-05-17",255.15,303.94,27352,5149.5
"2021-05-18",266.22,305.78,27352,5256
"2021-05-19",260.9,297,27110,5226.5
"2021-05-20",259.16,296.72,27156,5161
"2021-05-21",258,301.23,27064,5300.5
"2021-05-24",261.24,300.7,26982,5282
"2021-05-25",259.79,306.8,26730,5331
"2021-05-26",263.09,307.01,26986,5346.5
"2021-05-27",262.96,312.72,26994,5362
"2021-05-28",262,309.56,27134,5409.5
"2021-05-31",261.03,310.79,26404,5460.5
"2021-06-01",263.86,311.6,26750,5469.5
"2021-06-02",271.15,313.98,26944,5471.5
"2021-06-03",272.1,312.41,26630,5459
"2021-06-04",274.3,310.94,26400,5445
"2021-06-07",275.67,315.53,26246,5417
"2021-06-08",275.36,314.83,26072,5396
"2021-06-09",275.65,314.78,26502,5384.5
"2021-06-10",276.1,314.62,26192,5379.5
"2021-06-11",277.05,313,26178,5405
"2021-06-14",279.5,314.12,26314,5449
"2021-06-15",272.72,312.51,26054,5457.5
"2021-06-16",271.8,311.61,25664,5486
"2021-06-17",272.5,313.9,24970,5559
"2021-06-18",270.06,309.3,25000,5605
"2021-06-21",272.62,310.4,25372,5650
"2021-06-22",277,309.73,25078,5606
"2021-06-23",277.35,309.79,25336,5569
"2021-06-24",277.47,310,24358,5319.5
"2021-06-25",277.19,311.81,24734,5324.5
"2021-06-28",276.99,309.48,24948,5302.5
"2021-06-29",276.8,306.1,24702,5324
"2021-06-30",281.8,306.45,24812,5301
"2021-07-01",285.74,305.78,24612,5282.5
"2021-07-02",285.65,307.39,25014,5250
"2021-07-05",291.1,307,24924,5232
"2021-07-06",293.45,303.34,24462,5241
"2021-07-07",297.39,304.06,24658,5310
"2021-07-08",292.86,302.63,24514,5344
"2021-07-09",295.22,303.56,24780,5322.5
"2021-07-12",297.39,306.23,25112,5365
"2021-07-13",293.83,303,25662,5416.5
"2021-07-14",284.6,301.5,25734,5385
"2021-07-15",280.01,301.72,25624,5308
"2021-07-16",279.65,298.85,25248,5235
"2021-07-19",275.51,291.46,25046,5099
"2021-07-20",277.3,296.1,25138,5096.5
"2021-07-21",282.9,294.86,25050,5142
"2021-07-22",283.28,297.27,25080,5128
"2021-07-23",279.51,296.38,24990,5130
"2021-07-26",281.05,303.34,25180,5215
"2021-07-27",278.08,299.71,25432,5198.5
"2021-07-28",282.2,302.9,25690,5265
"2021-07-29",287,303.12,25178,5347
"2021-07-30",287.35,305.59,25318,5337
"2021-08-02",286.75,306.51,25290,5321
"2021-08-03",287.09,309.89,25582,5383
"2021-08-04",287.94,311.1,25446,5415
"2021-08-05",285.95,315.82,25496,5489.5
"2021-08-06",282.27,319.15,25102,5458.5
"2021-08-09",286.68,326.91,24870,5457
"2021-08-10",288.61,330.11,24650,5458
"2021-08-11",290.35,329.9,24528,5465
"2021-08-12",293.23,328.57,24700,5537.5
"2021-08-13",292.7,328.68,24460,5504.5
"2021-08-16",295.1,329.36,24426,5466
"2021-08-17",298.32,334.5,24572,5523.5
"2021-08-18",295.05,334.9,24146,5555
"2021-08-19",293.68,332.69,23736,5573
"2021-08-20",292.57,325.67,23550,5532
"2021-08-23",297.69,329.22,23858,5545
"2021-08-24",298.7,324.83,24066,5634
"2021-08-25",296.7,324.57,23932,5583
"2021-08-26",294.34,322.54,23712,5619
"2021-08-27",299.66,327.41,23986,5601
"2021-08-30",305.17,328.28,24266,5591
"2021-08-31",305.65,327.94,24032,5539.5
"2021-09-01",312.89,334.57,24228,5547.5
"2021-09-02",312.3,329,23880,5565.5
"2021-09-03",317.94,329.71,24442,5517.5
"2021-09-06",328.93,329.37,24658,5440
"2021-09-07",327.73,325.96,24376,5337
"2021-09-08",327.6,331.7,24260,5452.5
"2021-09-09",324.57,326.01,23980,5323
"2021-09-10",326.43,326.25,24508,5318.5
"2021-09-13",332.75,327.41,24492,5434.5
"2021-09-14",338.98,326.48,24044,5378
"2021-09-15",343.34,333.51,23978,5501.5
"2021-09-16",338.5,326.99,23484,5714.5
"2021-09-17",334.5,329.56,23256,5727.5
"2021-09-20",325.7,326.92,22510,5630.5
"2021-09-21",335.3,323.25,22662,5623.5
"2021-09-22",340.59,327.8,23150,5655.5
"2021-09-23",343.47,327.02,23096,5941
"2021-09-24",344.29,325.44,22856,5944.5
"2021-09-27",355.19,331.68,22712,5954.5
"2021-09-28",354.07,329.3,22324,5906.5
"2021-09-29",360.88,328.43,22218,6027.5
"2021-09-30",360.8,340.99,21830,6060
"2021-10-01",363.25,338.48,22122,6014
"2021-10-04",376.06,345.85,21636,5985.5
"2021-10-05",389.82,363.2,21818,6245
"2021-10-06",381.3,364.28,21524,6240.5
"2021-10-07",370.7,368.93,22272,6339.5
"2021-10-08",366.17,373.01,22766,6300
"2021-10-11",369.81,387.6,22644,6350
"2021-10-12",364.1,377.79,22528,6475.5
"2021-10-13",362.77,378.8,22718,6401
"2021-10-14",367,376.09,22928,6358
"2021-10-15",367.76,371.82,23108,6270.5
"2021-10-18",363.5,364.6,23120,6270
"2021-10-19",368.83,373.18,23672,6361
"2021-10-20",369.97,370.16,23530,6307.5
"2021-10-21",363.37,364.6,23210,6158
"2021-10-22",358.12,364.37,22864,6315.5
"2021-10-25",364.84,369.99,23024,6465
"2021-10-26",364.82,372.16,22688,6570.5
"2021-10-27",362.17,371.36,22250,6668
"2021-10-28",353.21,365.36,22362,6635
"2021-10-29",350.18,356.14,22170,6472
"2021-11-01",359.1,370.96,22396,6536
"2021-11-02",352.48,370.7,22134,6656
"2021-11-03",353.02,370.13,22038,6712
"2021-11-05",350.6,360.21,21664,6793.5
"2021-11-08",351.47,358.39,21872,6859.5
"2021-11-09",349.46,357.44,22188,6729.5
"2021-11-10",345.8,348.65,21694,6594
"2021-11-11",347.44,356.24,22050,6779
"2021-11-12",333.6,347.59,22100,6568.5
"2021-11-15",340.3,344.39,22358,6499.5
"2021-11-16",336.79,337.91,22626,6551
"2021-11-17",349.98,339.89,22532,6405
"2021-11-18",345.56,336.93,22292,5945.5
"2021-11-19",337.62,327.56,22144,6014
"2021-11-22",319.2,309.15,21850,5789.5
"2021-11-23",341.77,326.84,22400,5917
"2021-11-24",338.3,321.22,22182,5875
"2021-11-25",337.55,317.29,22128,6056
"2021-11-26",326,304.42,21560,5775.5
"2021-11-29",339.2,316.57,21686,5898.5
"2021-11-30",334.24,315,21538,5733
"2021-12-01",345.21,324.4,21952,5768
"2021-12-02",350.3,326.8,22110,5789
"2021-12-03",345.99,320.66,21826,5715.5
"2021-12-06",338.94,307.5,21886,5650
"2021-12-07",344.96,309.79,21920,5841.5
"2021-12-08",340.5,296.95,21888,5765
"2021-12-09",336.6,300.4,22006,5908
"2021-12-10",332,297.44,21888,5822.5
"2021-12-13",307.26,280.64,20850,5637
"2021-12-14",319.35,284.9,20958,5670
"2021-12-15",324.09,286.65,21296,5700
"2021-12-16",328.39,295.89,21310,5752
"2021-12-17",327.3,294.9,21738,5674.5
"2021-12-20",325.9,288.4,21644,5533.5
"2021-12-21",339.88,291.7,21662,5521.5
"2021-12-22",345.55,294,21834,5551
"2021-12-23",339.81,292.8,21872,5538.5
"2021-12-24",338.79,293.89,21824,5592.5
"2021-12-27",343.97,295.68,22528,5665.5
"2021-12-28",343.23,295,22642,5658
"2021-12-29",340.33,293.51,22628,5446
"2021-12-30",342.39,293.49,22900,5444
"2022-01-03",353.73,305.47,23378,5509.5
"2022-01-04",352.55,304.24,23314,5565
"2022-01-05",335,287.01,23010,5399
"2022-01-06",346.13,293.92,23280,5535
"2022-01-07",NA,NA,NA,NA
"2022-01-10",344,291.69,23508,5473
"2022-01-11",343.74,291.88,23734,5505.5
"2022-01-12",347.43,290.4,24040,5623
"2022-01-13",337.6,272.5,22836,5330
"2022-01-14",335.76,261,22648,5235.5
"2022-01-17",327.81,257.78,21820,5185.5
"2022-01-18",301.11,234.7,20694,4973
"2022-01-19",318.36,244.86,22024,5040
"2022-01-20",310.42,254.61,22300,4991
"2022-01-21",311.6,246.9,22100,5046.5
"2022-01-24",294.59,236.97,21250,4823.5
"2022-01-25",302.96,239.59,21466,4895
"2022-01-26",299.6,236.9,21788,4768.5
"2022-01-27",325.25,254.29,22066,4883.5
"2022-01-28",329.58,257.82,22082,4904
"2022-01-31",334.8,269.42,21916,5079
"2022-02-01",330.95,264.7,21948,5114
"2022-02-02",331.7,261,21670,5200
"2022-02-03",323.75,250.79,21392,5187
"2022-02-04",324.6,256.53,21400,5285
"2022-02-07",321.25,257.61,21580,5210
"2022-02-08",331.7,269.8,22372,5182
"2022-02-09",335.08,279.09,22674,5254
"2022-02-10",328.93,275.2,22454,5227.5
"2022-02-11",318.1,260.83,21688,4971.5
"2022-02-14",321.85,256.7,22082,4956.5
"2022-02-15",333.6,274,22324,5239
"2022-02-16",336.5,277.78,22304,5395
"2022-02-17",323.51,260.58,21774,5224.5
"2022-02-18",309.48,250.28,21450,5041.5
"2022-02-21",257.3,201,19252,4240
"2022-02-22",283.51,208.53,21150,4600
"2022-02-23",NA,NA,NA,NA
"2022-02-24",210,132.18,18200,3312
"2022-02-25",228,131.12,19052,3202
"2022-02-28",NA,NA,NA,NA
"2022-03-01",NA,NA,NA,NA
"2022-03-02",NA,NA,NA,NA
"2022-03-03",NA,NA,NA,NA
"2022-03-04",NA,NA,NA,NA
"2022-03-09",NA,NA,NA,NA
"2022-03-10",NA,NA,NA,NA
"2022-03-11",NA,NA,NA,NA
"2022-03-14",NA,NA,NA,NA
"2022-03-15",NA,NA,NA,NA
"2022-03-16",NA,NA,NA,NA
"2022-03-17",NA,NA,NA,NA
"2022-03-18",NA,NA,NA,NA
"2022-03-21",NA,NA,NA,NA
"2022-03-22",NA,NA,NA,NA
"2022-03-23",NA,NA,NA,NA
"2022-03-24",258.51,136.24,20990,3457.5
"2022-03-25",227,131.5,21070,3338
"2022-03-28",218.6,125,20850,3337.5
"2022-03-29",208,128.77,20028,3405.5
"2022-03-30",216,134.6,20462,3855
"2022-03-31",242.48,143.69,20974,4155
"2022-04-01",251.4,154.5,21500,4220
"2022-04-04",252.9,166,21750,4273.5
"2022-04-05",243.5,154.1,20986,4098
"2022-04-06",239.7,141.6,21150,4120
"2022-04-07",245,147.5,21050,4247
"2022-04-08",241.07,143.72,21112,4335
"2022-04-11",234.55,138.69,21006,4310
"2022-04-12",236.3,135.38,20990,4297.5
"2022-04-13",234.87,135.5,20794,4256.5
"2022-04-14",222.11,129.05,20004,4017
"2022-04-15",224,130.88,20240,4070.5
"2022-04-18",216.99,123.85,19886,4000
"2022-04-19",220.72,120.3,19676,4038
"2022-04-20",218.92,121.5,20590,4300
"2022-04-21",210.29,118.65,20454,4197.5
"2022-04-22",208,116.97,19700,4170
"2022-04-25",206.35,111.9,19900,4299.5
"2022-04-26",225.85,122.36,20994,4460
"2022-04-27",237.15,131.11,21272,4720
"2022-04-28",237.53,123.85,21000,4566.5
"2022-04-29",240.4,128.8,21550,4592.5
"2022-05-04",234.16,123.2,21352,4651
"2022-05-05",238.6,124.8,21544,4741
"2022-05-06",240.1,123.1,21766,4750
"2022-05-11",241.99,123.34,21330,4805
"2022-05-12",230.56,119.15,21238,4720
"2022-05-13",235.52,120.2,21200,4637
"2022-05-16",244.2,123.41,21364,4790.5
"2022-05-17",258.8,127.75,21348,4828.5
"2022-05-18",264.84,125.12,21416,4890
"2022-05-19",266.68,125.6,21300,4885
"2022-05-20",263,122.2,20700,4620
"2022-05-23",263,119.46,19800,4475.5
"2022-05-24",265.8,123.6,20010,4350
"2022-05-25",271.4,124.15,20080,4576
"2022-05-26",295.89,123,20198,4610
"2022-05-27",294.5,121.22,20162,4520
"2022-05-30",300.8,120.67,20132,4622
"2022-05-31",293.75,118.3,20190,4640
"2022-06-01",297.69,121.97,20416,4586.5
"2022-06-02",296,119,20154,4448
"2022-06-03",297,119.21,20314,4382
"2022-06-06",296.5,118.78,20294,4223.5
"2022-06-07",297.99,118.32,20200,4420
"2022-06-08",308,119.9,20134,4338
"2022-06-09",306.5,118.2,20310,4300
"2022-06-10",309.2,118.07,19490,4241
"2022-06-14",317.69,118.98,19102,4200
"2022-06-15",316.2,121.14,19040,4257
"2022-06-16",316.99,123.73,19370,4393
"2022-06-17",315.5,123.88,19194,4319
"2022-06-20",311.98,131.29,19180,4370
"2022-06-21",301.58,129.1,18820,4365
"2022-06-22",295.8,133.11,18940,4458
"2022-06-23",303.5,136.85,19100,4405
"2022-06-24",296,137.76,18934,4359
"2022-06-27",296.2,141.15,18586,4360
"2022-06-28",297.2,139.99,18252,4327
"2022-06-29",297.65,132.8,17652,4316
"2022-06-30",207,125.2,17400,4238
"2022-07-01",192.5,129.91,17100,4155
"2022-07-04",186.25,131.43,17024,4198
"2022-07-05",197.3,133.5,16700,4314
"2022-07-06",195.42,134,16452,4306
"2022-07-07",197.92,133.09,16550,4420
"2022-07-08",198,133.3,16720,4439
"2022-07-11",188.9,126.8,16270,4385
"2022-07-12",191.4,129,15922,4300
"2022-07-13",186,126,15200,4255.5
"2022-07-14",184.55,125.9,15302,4228
"2022-07-15",187.61,128.9,15600,4380
"2022-07-18",186.7,128.11,15282,4382
"2022-07-19",189.51,127.76,14914,4355
"2022-07-20",193.3,126.44,15050,4315
"2022-07-21",189.59,125.48,14800,4251
"2022-07-22",192.25,128.82,14730,4341
"2022-07-25",192,131.45,14794,4345
"2022-07-26",193.95,132.9,15850,4512
"2022-07-27",196.49,132.5,15640,4630
"2022-07-28",196.25,131.72,15500,4765.5
"2022-07-29",195.26,131.9,16150,4889
"2022-08-01",192,127.34,15590,4800
"2022-08-02",187.16,127.53,15140,4813
"2022-08-03",187.04,126.85,14754,4910
"2022-08-04",184.9,126.95,14710,4883
"2022-08-05",176.58,122.4,14394,4799.5
"2022-08-08",177.86,123.81,14458,4880
"2022-08-09",181.04,126.4,15150,5032.5
"2022-08-10",178.81,126.2,14970,5024
"2022-08-11",174.1,123.45,14908,5002.5
"2022-08-12",174.36,124.88,14826,5134
"2022-08-15",174.8,125,15142,5159.5
"2022-08-16",181.3,126.39,15444,5177
"2022-08-17",176.5,124.5,15370,5270
"2022-08-18",178.87,126.3,15160,5350
"2022-08-19",177.6,125.2,15330,5245
"2022-08-22",181.7,126.06,15430,5302
"2022-08-23",184.3,130.38,15592,5319
"2022-08-24",182.83,128.15,15458,5393
"2022-08-25",181.9,128.18,15384,5440
"2022-08-26",183.62,130.4,15392,5459.5
"2022-08-29",190,131.17,15594,5450
"2022-08-30",204,130.05,15650,5450
"2022-08-31",254.9,134.25,16140,5490.5
"2022-09-01",249.11,138.2,16600,5399
"2022-09-02",252.8,143.8,16746,5485.5
"2022-09-05",250,141,17000,5600
"2022-09-06",246,137.23,16604,5510
"2022-09-07",241.55,136.86,16222,5490
"2022-09-08",243.95,134.51,16244,5433
"2022-09-09",245.34,138.15,16740,5499
"2022-09-12",243.3,138.7,16756,5575
"2022-09-13",242.64,137,16432,5594
"2022-09-14",243.32,138.9,16214,5558
"2022-09-15",243.68,139.48,16212,5555.5
"2022-09-16",243.8,137.73,16228,5582
"2022-09-19",244.21,138.04,16016,5505
"2022-09-20",221.15,125.1,15260,5222.5
"2022-09-21",214.07,120.23,14776,4904.5
"2022-09-22",231.45,124.31,14794,5015
"2022-09-23",224.84,119.39,14148,4889
"2022-09-26",206,107.06,12850,4474
"2022-09-27",217.3,112.92,13278,4481.5
"2022-09-28",217.38,111.06,12930,4750
"2022-09-29",226.46,110.41,12338,4537.5
"2022-09-30",217.7,110.21,12458,4722
"2022-10-03",215.83,114.35,13186,5008
"2022-10-04",210.72,110.55,12956,4906.5
"2022-10-05",209.05,108.51,12516,4784.5
"2022-10-06",212.86,108.24,12400,4719.5
"2022-10-07",195.15,101.5,11932,4546
"2022-10-10",163.89,106.71,12500,4645
"2022-10-11",162.89,107.72,12794,4838
"2022-10-12",161.8,105.9,12698,4772
"2022-10-13",160.84,106.5,12616,4772.5
"2022-10-14",159.6,107.78,12640,4810
"2022-10-17",163.24,112.44,13246,5060.5
"2022-10-18",160.2,110.88,13222,4918.5
"2022-10-19",161.29,112.39,13018,4961
"2022-10-20",160.75,116.98,13084,5011.5
"2022-10-21",166.99,119.45,13160,5164
"2022-10-24",165.47,118.8,13152,5196.5
"2022-10-25",172.38,124.36,13470,5315
"2022-10-26",171.98,124.43,13136,5270
"2022-10-27",172.47,126.61,13266,5247
"2022-10-28",170.73,126.97,13548,5269
"2022-10-31",170.27,126.72,13758,5237
"2022-11-01",169.92,127.05,13624,5249.5
"2022-11-02",167.72,125.49,13404,5170
"2022-11-03",169.14,125.75,13406,5183
"2022-11-07",169.85,132,14070,5208.5
"2022-11-08",169.97,131.29,13968,5165
"2022-11-09",167.1,127.3,13720,5027.5
"2022-11-10",168.9,136.68,14044,5031.5
"2022-11-11",169.86,136.98,14764,5005
"2022-11-14",169.6,139.8,15456,4974.5
"2022-11-15",166.25,135.66,14984,4888
"2022-11-16",168.76,139.18,15224,4945.5
"2022-11-17",168.99,137.57,14946,5011.5
"2022-11-18",168.79,136.89,14986,4918.5
"2022-11-21",168.13,134.46,14654,4856
"2022-11-22",168.08,135.65,14802,4869
"2022-11-23",169.15,136.59,14752,4879.5
"2022-11-24",168.96,136.61,14766,4893
"2022-11-25",169.03,136.53,14632,4849
"2022-11-28",168.1,135.53,14570,4844
"2022-11-29",168.1,136.37,14464,4819
"2022-11-30",167.7,136.78,14384,4827
"2022-12-01",166.98,137.15,14650,4777
"2022-12-02",165.86,136.66,14484,4667
"2022-12-05",165.03,142,14824,4587
"2022-12-06",164.3,140.61,14718,4475.5
"2022-12-07",163.7,142.32,15038,4492.5
"2022-12-08",163,139.92,14886,4464
"2022-12-09",162.75,140.03,14940,4446
"2022-12-12",162.89,139.48,14760,4560
"2022-12-13",162.4,138.13,14924,4529.5
"2022-12-14",160.74,137.3,14718,4454.5
"2022-12-15",160.31,134.55,14280,4382.5
"2022-12-16",160.24,135.45,14498,4386.5
"2022-12-19",157.61,134.64,14652,4260
"2022-12-20",158.94,138.28,14816,4326
"2022-12-21",157.59,137.75,14870,4288.5
"2022-12-22",157.95,137.69,14958,4347
"2022-12-23",160.89,137.94,14904,4315.5
"2022-12-26",162.12,140.95,15050,4442
"2022-12-27",164.07,139.9,15282,4425.5
"2022-12-28",161.82,139.51,15140,4414.5
"2022-12-29",162.91,140.96,15242,4407.5
"2022-12-30",162.56,141.15,15300,4340.5
"2023-01-03",163.52,141.78,15520,4360.5
"2023-01-04",162.51,141.43,15574,4369
"2023-01-05",161.2,141.27,15340,4325.5
"2023-01-06",162.1,141.4,15438,4319.5
"2023-01-09",162.71,142.4,15370,4330
"2023-01-10",162.1,142.81,15324,4372.5
"2023-01-11",165.83,149.96,15410,4458
"2023-01-12",164.17,149.3,15440,4638
"2023-01-13",164.56,151.69,15334,4620
"2023-01-16",165.8,153.71,15488,4674
"2023-01-17",162.33,150.45,15294,4628
"2023-01-18",162.18,151.47,15316,4575.5
"2023-01-19",160.53,149.34,15200,4504.5
"2023-01-20",158.85,151.38,15154,4575.5
"2023-01-23",160.06,153.5,14980,4634.5
"2023-01-24",157.88,152.66,14776,4586.5
"2023-01-25",158.99,152.81,14882,4597
"2023-01-26",157.58,152.4,14800,4602
"2023-01-27",159.08,153.2,15032,4609
"2023-01-30",158.41,153.38,15150,4653.5
"2023-01-31",158.1,158.07,15144,4665
"2023-02-01",158.12,158.29,15258,4647
"2023-02-02",158.1,159.45,15164,4694
"2023-02-03",160.87,161.26,14990,4665
"2023-02-06",160.14,167.09,14942,4720
"2023-02-07",159.87,165.39,14960,4757
"2023-02-08",158.18,164.15,14852,4698
"2023-02-09",159.19,165.31,14918,4696
"2023-02-10",158.68,165.52,14840,4683.5
"2023-02-13",158.01,164.32,14892,4689
"2023-02-14",156.52,161.86,14760,4621
"2023-02-15",153.09,156.25,14500,4432.5
"2023-02-16",153.56,158.22,14398,4430
"2023-02-17",153.62,159.73,14478,4447.5
"2023-02-20",153.24,160.09,14540,4481.5
"2023-02-21",154.97,164.15,14710,4566
"2023-02-22",155.31,163.37,14474,4549.5
"2023-02-24",154.22,164.3,14390,4559.5
"2023-02-27",156.34,169.95,14578,4643
"2023-02-28",157.66,169.82,14498,4594
"2023-03-01",164.5,170.53,14734,4567
"2023-03-02",160.9,168.05,14510,4524
"2023-03-03",162.27,171.16,14562,4546.5
"2023-03-06",163.35,171.84,14560,4559
"2023-03-07",162.57,174.01,14676,4553
"2023-03-09",161.21,172.55,14586,4551.5
"2023-03-10",160.04,172.53,14576,4524
"2023-03-13",159.03,172.15,14554,4527.5
"2023-03-14",161,175.71,14556,4539.5
"2023-03-15",159.68,175.3,14464,4500
"2023-03-16",159.71,175.45,14442,4492
"2023-03-17",163.29,193.59,14560,4504
"2023-03-20",175.7,203.73,15044,4562.5
"2023-03-21",170.55,203.32,14864,4518
"2023-03-22",168.72,202.89,14970,4510
"2023-03-23",168.84,202.58,14932,4491
"2023-03-24",169.03,203.57,15080,4495
"2023-03-27",172.33,211.84,15184,4516
"2023-03-28",171.07,214.03,15186,4512.5
"2023-03-29",170.95,217.99,15084,4527.5
"2023-03-30",171.71,216.87,15024,4583
"2023-03-31",169.83,216.6,15010,4610
"2023-04-03",170.38,216.09,15084,4582
"2023-04-04",172.55,214.83,15214,4565
"2023-04-05",173.86,216.15,15200,4554
"2023-04-06",171.6,214.25,15380,4571.5
"2023-04-07",173.09,216.27,15430,4574
"2023-04-10",174.54,222.21,15500,4624
"2023-04-11",177.18,218.6,15360,4552.5
"2023-04-12",178.75,219.22,15404,4576.5
"2023-04-13",178.73,219.85,15404,4555
"2023-04-14",179.5,221.87,15786,4575
"2023-04-17",181.99,228.1,15900,4677.5
"2023-04-18",184.39,232.66,15908,4844.5
"2023-04-19",182.01,232.95,15918,4730.5
"2023-04-20",181.74,236.28,15802,4806.5
"2023-04-21",181.72,235.17,15798,4808
"2023-04-24",181.56,235.1,15700,4817.5
"2023-04-25",178.93,235.3,15538,4789
"2023-04-26",178.38,235.21,15330,4756.5
"2023-04-27",183.95,240.38,15370,4765
"2023-04-28",181.13,240.38,14572,4686.5
"2023-05-02",177.97,242.62,14542,4585.5
"2023-05-03",172.87,235.77,14440,4442
"2023-05-04",173.66,238.89,14470,4450
"2023-05-05",172.09,237.7,14352,4422.5
"2023-05-08",170.84,238.27,14218,4416
"2023-05-10",175.53,227.06,14604,4529.5
"2023-05-11",174.13,229.32,14476,4518
"2023-05-12",173.95,229.29,14544,4470.5
"2023-05-15",179.04,231.7,14768,4519.5
"2023-05-16",177.05,230.62,14762,4614
"2023-05-17",176.3,230.55,14778,4605.5
"2023-05-18",175.26,231.7,14736,4578.5
"2023-05-19",174.43,231.27,14730,4619
"2023-05-22",172.47,231,14602,4631
"2023-05-23",166.59,236.43,14648,4419
"2023-05-24",162.96,246.06,14696,4208.5
"2023-05-25",162.3,243.76,14562,4040
"2023-05-26",164.48,248.1,14670,4139
"2023-05-29",163.6,251.18,14654,4121
"2023-05-30",161.9,244.65,14574,4178
"2023-05-31",162.94,246.17,14580,4293.5
"2023-06-01",161.55,241.66,14576,4370
"2023-06-02",162.58,243.95,14782,4323.5
"2023-06-05",162.47,237.12,14764,4213.5
"2023-06-06",163.16,240.91,14644,4234.5
"2023-06-07",164.65,241.25,14628,4250.5
"2023-06-08",166.18,241.77,14738,4260
"2023-06-09",165.58,240.4,14840,4230
"2023-06-13",168.43,244.33,15094,4365
"2023-06-14",167.88,244.6,15052,4351
"2023-06-15",171.86,245.18,15286,4513
"2023-06-16",169.87,243.87,15362,4896.5
"2023-06-19",170.19,242.28,15510,4885
"2023-06-20",169.64,241.74,15332,4898
"2023-06-21",170.2,242.2,15306,4982.5
"2023-06-22",168.41,240.66,15178,4901
"2023-06-23",165.8,235.67,14988,4725
"2023-06-26",166.91,238.4,14862,4779.5
"2023-06-27",166.45,241.21,14842,4837.5
"2023-06-28",168.05,239.67,14934,5190
"2023-06-29",167.88,239.99,14882,5133
"2023-06-30",166.86,239.61,14726,5156
"2023-07-03",166.82,243.33,14702,5267
"2023-07-04",165.5,240.7,14744,5270
"2023-07-05",165.71,240.95,14868,5346.5
"2023-07-06",166.36,240.96,15162,5289
"2023-07-07",166.34,243.67,15080,5325
"2023-07-10",167.59,249.4,15264,5490
"2023-07-11",168.85,247.99,15302,5511
"2023-07-12",170.3,247.52,15454,5495
"2023-07-13",168.96,246.19,15540,5487.5
"2023-07-14",169.7,246.45,15504,5506
"2023-07-17",170.63,245.39,15774,5563.5
"2023-07-18",174.89,246.77,16336,5683
"2023-07-19",173.04,245.85,16546,5647
"2023-07-20",169.92,242.7,15904,5496
"2023-07-21",171.19,244.13,16082,5733
"2023-07-24",171.98,244.87,16126,5816.5
"2023-07-25",171.86,247.2,16260,5900
"2023-07-26",171.35,247.05,16170,5825
"2023-07-27",172,247.95,16190,5801.5
"2023-07-28",171.44,249.25,16236,5803
"2023-07-31",174.33,267.4,16712,5797.5
"2023-08-01",173.21,268.5,17000,5760.5
"2023-08-02",174.07,268.57,16560,5796.5
"2023-08-03",177.1,269.11,16650,5808
"2023-08-04",173.46,264.12,16338,5657.5
"2023-08-07",172.52,261.92,16154,5590
"2023-08-08",172.71,264.62,16106,5666.5
"2023-08-09",174.51,263.91,16192,5607
"2023-08-10",176.65,266.91,16464,5718
"2023-08-11",176.35,266.23,16460,5691
"2023-08-14",177.09,260.45,16280,5522.5
"2023-08-15",176.16,260.42,16170,5549.5
"2023-08-16",174.14,256.02,15908,5500
"2023-08-17",174.14,258.5,15924,5557
"2023-08-18",175.48,261.14,16198,5666
"2023-08-21",176.36,261.15,16262,5918
"2023-08-22",176.48,261.45,16270,5902
"2023-08-23",173.65,256.4,16010,5726
"2023-08-24",174.97,259.63,16082,5865
"2023-08-25",174.7,260.5,16144,5888
"2023-08-28",176.2,266.93,16780,5984.5
"2023-08-29",178.69,265.68,16628,5978
"2023-08-30",177.47,264.7,16680,5935.5
"2023-08-31",177.99,264.85,16832,6080
"2023-09-01",178.22,265,16786,6078
"2023-09-04",181.11,267.39,17112,6102
"2023-09-05",182.48,264.75,17060,6035
"2023-09-06",180.96,263.5,16900,5906
"2023-09-07",177.64,258.79,16466,5745.5
"2023-09-08",175.95,255.68,16320,5704.5
"2023-09-11",174.64,256.25,16250,5605
"2023-09-12",177.62,262.4,16470,5784.5
"2023-09-13",174.94,258.18,16392,5654.5
"2023-09-14",173.52,260,16300,5795
"2023-09-15",173.79,260.83,16436,5795
"2023-09-18",172.8,259.07,16308,5775
"2023-09-19",168.93,252.72,15998,5558
"2023-09-20",169.11,253.77,16190,5491
"2023-09-21",165.85,250.16,16018,5283
"2023-09-22",166.7,251.99,15992,5475
"2023-09-25",165.87,252.65,15872,5407.5
"2023-09-26",165.36,255.87,15946,5405
"2023-09-27",165.53,256.1,16074,5495
"2023-09-28",169.58,257.67,16304,5551.5
"2023-09-29",167.09,260.72,16188,5505
"2023-10-02",166.08,258.98,16172,5489
"2023-10-03",166.75,259.65,16168,5461
"2023-10-04",165.4,259.53,16030,5457
"2023-10-05",166.06,259.38,16172,5425.5
"2023-10-06",166.59,262.93,16268,5430.5
"2023-10-09",167.06,265.25,16256,5518
"2023-10-10",168.03,263,16294,5656
"2023-10-11",167.89,260.21,16126,5550.5
"2023-10-12",169.5,264.5,16278,5562
"2023-10-13",170.2,263.51,16284,5599.5
"2023-10-16",172.55,268.15,16432,5665
"2023-10-17",171.97,270,16520,5764.5
"2023-10-18",170.18,267.9,16472,5753
"2023-10-19",170.38,268.65,16788,5795.5
"2023-10-20",171.39,269.8,17122,5839
"2023-10-23",170.39,270.1,17108,5973.5
"2023-10-24",170.19,271.27,17196,6073
"2023-10-25",169.62,273.73,17460,6046.5
"2023-10-26",168.45,269.9,17250,5913
"2023-10-27",167.26,269.7,17506,6015
"2023-10-30",167.16,269.89,17572,5948
"2023-10-31",167.88,268.35,17574,5818
"2023-11-01",170.08,269.68,17804,5874
"2023-11-02",168.18,269.06,18078,5847
"2023-11-03",169.19,268.54,17898,5866.5
"2023-11-06",169.48,273.42,17764,5896.5
"2023-11-07",168.53,273.31,17690,6044.5
"2023-11-08",168.49,278.15,17460,6090
"2023-11-09",168.16,276.65,17412,6079.5
"2023-11-10",168.25,280.19,17344,6015.5
"2023-11-13",167.85,283.97,17410,6061
"2023-11-14",165.86,280.87,17178,5940
"2023-11-15",166.46,282.89,17136,5935
"2023-11-16",165.48,279.7,17008,5823
"2023-11-17",165.31,281.6,17168,5903.5
"2023-11-20",165.51,282.91,17098,5931
"2023-11-21",165.15,282.79,17250,5952
"2023-11-22",165.37,286.16,17218,6045.5
"2023-11-23",164.11,286.19,17304,6259
"2023-11-24",164.71,286.85,17096,6323
"2023-11-27",162.79,282.33,17052,6290
"2023-11-28",164.21,279.91,17056,6347.5
"2023-11-29",163.17,276.8,16922,6377.5
"2023-11-30",163.23,277.5,16736,6354
"2023-12-01",162.61,273.97,16646,6405.5
"2023-12-04",160.01,270.96,16668,6265
"2023-12-05",160.46,279.62,16804,6333.5
"2023-12-06",158.74,267.58,16412,6352
"2023-12-07",163.38,265.12,16912,6264
"2023-12-08",161.5,265.16,16776,6170
"2023-12-11",164.87,256.89,16660,6058.5
"2023-12-12",162.46,257.6,16478,6071.5
"2023-12-13",163.92,260.45,16600,6096.5
"2023-12-14",160.89,256.64,16646,6072.5
"2023-12-15",164.2,268.21,16988,6362
"2023-12-18",167,268.4,17150,6464.5
"2023-12-19",165.48,267.35,17202,6477.5
"2023-12-20",163.56,266.61,17114,6692.5
"2023-12-21",161.57,265.19,17082,6704.5
"2023-12-22",162.09,271.3,17122,6680
"2023-12-25",161.09,271.08,17130,6939.5
"2023-12-26",161,271.9,16360,6920.5
"2023-12-27",159.86,271.08,16310,6982.5
"2023-12-28",159.14,271.74,16156,6970
"2023-12-29",159.52,270.82,16172,7006
"2024-01-03",161.44,274.56,16356,7187
"2024-01-04",161.25,274.12,16296,7305.5
"2024-01-05",161.94,273.62,16280,7255.5
"2024-01-08",163.05,276.76,16426,7210
"2024-01-09",162.41,275.28,16384,7214.5
"2024-01-10",162.87,274.49,16376,7380
"2024-01-11",162.5,275.71,16276,7114.5
"2024-01-12",163.37,275.84,16234,7082
"2024-01-15",163.34,275.96,16226,7070
"2024-01-16",163.22,276.01,16192,6923
"2024-01-17",164.04,278,16202,6943.5
"2024-01-18",166.52,277.07,16156,6816.5
"2024-01-19",165.9,274.86,16052,6944.5
"2024-01-22",166.06,274.93,16076,6890.5
"2024-01-23",168.31,275.9,16078,6883.5
"2024-01-24",166.36,273.77,16002,6895
"2024-01-25",165.42,272.81,15986,6864.5
"2024-01-26",163.99,272.65,16056,6820.5
"2024-01-29",163.5,274.05,16026,6905.5
"2024-01-30",163.22,275.67,16036,7049.5
"2024-01-31",166.33,276,15946,7039.5
"2024-02-01",165.25,276.86,15992,7119
"2024-02-02",164.4,276.74,15950,7116
"2024-02-05",164.87,277.84,15950,7062.5
"2024-02-06",164.56,278.67,15944,7199
"2024-02-07",164.62,284.41,15960,7283.5
"2024-02-08",163.21,282.17,15742,7318
"2024-02-09",163.23,283.5,15728,7283
"2024-02-12",162.49,287.28,15546,7249
"2024-02-13",162.29,287.07,15380,7250
"2024-02-14",161.92,289.06,15186,7420
"2024-02-15",161.59,290.24,15172,7471.5
"2024-02-16",161.19,288.33,15036,7424.5
"2024-02-19",161.24,288.93,14924,7399.5
"2024-02-20",159.5,283.9,14480,7256.5
"2024-02-21",158.64,282,14438,7199
"2024-02-22",158.12,284.77,14372,7272
"2024-02-26",160.09,291.25,14744,7401
"2024-02-27",159.04,292.52,14514,7499.5
"2024-02-28",160.65,291.75,14602,7631.5
"2024-02-29",161.82,292.19,14568,7651.5
"2024-03-01",161.34,295.38,14602,7634
"2024-03-04",161.24,299.17,15008,7698
"2024-03-05",160.98,298.4,14946,7610
"2024-03-06",161.65,297.71,15084,7613
"2024-03-07",160.91,300.4,15098,7646
"2024-03-11",160.56,299.79,15028,7760
"2024-03-12",162.99,300.9,15028,7744
"2024-03-13",161.77,298.85,14998,7648.5
"2024-03-14",161.1,295.83,15018,7607.5
"2024-03-15",160.86,298.3,15070,7611.5
"2024-03-18",160.58,298.87,14964,7636
"2024-03-19",158.55,295.2,14776,7586
"2024-03-20",158.42,295.4,14804,7599
"2024-03-21",158.28,295.62,14930,7604
"2024-03-22",156.44,292.99,14798,7410.5
"2024-03-25",158.84,293.9,15138,7611.5
"2024-03-26",157.94,294.11,15136,7689
"2024-03-27",157.79,295.1,15300,7709
"2024-03-28",157.05,299,15208,7740.5
"2024-03-29",157.22,298.72,15110,7896
"2024-04-01",158.06,300.43,15054,7943
"2024-04-02",164.18,300.38,NA,7818
"2024-04-03",162.63,306.72,NA,7804
"2024-04-04",162.69,304.61,NA,7864.5
"2024-04-05",163.59,306.1,NA,7840
"2024-04-08",163.89,307.75,152.96,8000
"2024-04-09",164.08,306.76,164,7935
"2024-04-10",164.74,306.48,163.3,7918
"2024-04-11",166.24,306.95,161.48,7880.5
"2024-04-12",164.83,307.1,164.8,7991.5
"2024-04-15",163.33,307.99,162.34,8248.5
"2024-04-16",164.38,308.29,158.92,8232
"2024-04-17",164.62,306.59,159.42,8160
"2024-04-18",165.4,307.99,158.62,8078.5
"2024-04-19",167.03,307.38,158.66,8181.5
"2024-04-22",166.77,314.99,159.3,8204
"2024-04-23",163.7,307.39,156.58,8211.5
"2024-04-24",162.86,307.94,155.82,8153
"2024-04-25",163.35,308.41,157.52,8122
"2024-04-26",162.46,309,156.54,8310
"2024-04-27",164.06,308.98,156.04,8235
"2024-04-29",164.03,308.97,155.16,8324
"2024-04-30",163.22,308.24,153.9,8405
"2024-05-02",157.75,307.37,154.48,8283
"2024-05-03",155.2,307.53,154.4,8259.5
"2024-05-06",153.64,306.01,155.8,8209.5
"2024-05-07",154.16,308.22,154.44,8267
"2024-05-08",154.22,311.21,153.82,8247
"2024-05-10",154.58,313.49,152.78,8370.5
"2024-05-13",157.9,314.85,152.04,8313
"2024-05-14",156.16,318.12,152.48,8290
"2024-05-15",156.97,319.7,152.68,8444
"2024-05-16",157.88,322.91,152.6,8355
"2024-05-17",155.17,323.16,156.3,8230
"2024-05-20",145.03,321.08,151.88,8145.5
"2024-05-21",139.54,320.64,148.92,8199.5
"2024-05-22",139.25,322.93,150,8090
"2024-05-23",134.69,323.54,154.06,8082
"2024-05-24",133.34,321,153.04,8057
"2024-05-27",128.42,317.09,149.8,7872
"2024-05-28",128.47,318.22,149.62,7818.5
"2024-05-29",128.89,320.38,152,7874.5
"2024-05-30",124.93,316.63,146.5,7692.5
"2024-05-31",126.46,313.11,139.98,7072
"2024-06-03",124.14,310.95,138.52,6697
"2024-06-04",125.1,316.49,140.8,6828.5
"2024-06-05",124.02,314.72,139.24,6636
"2024-06-06",123.6,313.08,141.8,6692
"2024-06-07",122.78,319.9,143.28,6744
"2024-06-10",119,317.28,139.14,6580
"2024-06-11",117.53,317.8,138.86,6486
"2024-06-13",119.63,317.71,139.18,6491
"2024-06-14",121.65,319.35,140.3,6620
"2024-06-17",121.54,317.65,138.54,6619.5
"2024-06-18",118.02,314.34,136.26,6556.5
"2024-06-19",113.85,310.7,134,6579
"2024-06-20",115.92,314.15,136.32,6572
"2024-06-21",115.4,314.14,134,6457
"2024-06-24",113.67,317.25,130.24,6281
"2024-06-25",114.97,319.8,131.18,6390
"2024-06-26",117,324.55,130.8,6375
"2024-06-27",115.65,327.16,129.32,6340.5
"2024-06-28",115.94,327.15,129.92,6369
"2024-07-01",121.4,327.1,132.5,6558
"2024-07-02",126.2,328.37,134.38,6592
"2024-07-03",124.96,328.2,132.66,6530
"2024-07-04",122.17,324.66,130.38,6470
"2024-07-05",126.74,325,134.34,6435
"2024-07-08",127.74,324.07,132.52,6392
"2024-07-09",124.05,319.99,129.14,6136
"2024-07-10",117.81,316.68,124.3,5835.5
"2024-07-11",121.75,295.87,126.1,6241.5
"2024-07-12",119.65,292.21,125.26,6215
"2024-07-15",119.28,284.38,122.76,5890
"2024-07-16",124.74,285.25,126.1,5912
"2024-07-17",124.46,284.68,125.26,5790
"2024-07-18",129.81,289.83,128.3,6006.5
"2024-07-19",130.88,289.9,128.5,6113
"2024-07-22",131.61,294.71,129.88,6079.5
"2024-07-23",134.07,294.39,128.08,6039.5
"2024-07-24",136.73,295.69,130.86,5934
"2024-07-25",135.1,296.37,129.56,5902.5
"2024-07-26",135,293.3,126.46,5932
"2024-07-29",130.99,286.58,125.2,5757.5
"2024-07-30",132.4,290,127.92,5797.5
"2024-07-31",133.31,289.3,130.16,5750.5
"2024-08-01",132.05,287.21,128.64,5690.5
"2024-08-02",131.45,286.04,128,5639
"2024-08-05",127.25,275.49,123.92,5505
"2024-08-06",128.7,279.4,124.88,5482
"2024-08-07",129.84,282.2,124.6,5565.5
"2024-08-08",128.14,281.09,122.88,5464.5
"2024-08-09",128.64,281.44,123.46,5508
"2024-08-12",128.71,280.74,125.7,5510.5
"2024-08-13",130.49,283.92,127.82,5631.5
"2024-08-14",129.84,280.32,125.76,5559
"2024-08-15",127.6,278.01,125,5480
"2024-08-16",126.36,274.6,125.88,5371
"2024-08-19",126.29,268.17,126,5241
"2024-08-20",125.85,266.2,124.18,5244
"2024-08-21",123.38,266.93,121.44,5211
"2024-08-22",118.51,261.6,118.9,5088.5
"2024-08-23",116.81,259.5,113.04,4948.5
"2024-08-26",126.8,265.39,118.44,5138
"2024-08-27",124.47,260.5,112.9,4998
"2024-08-28",124.51,262.47,112.1,4926
"2024-08-29",130.27,260.31,111.34,4999
"2024-08-30",122.97,254.45,108.58,4720
"2024-09-02",123.86,244.31,103.12,4595
"2024-09-03",120.6,244.04,104.02,4610
"2024-09-04",122.46,253.01,106.72,4705
"2024-09-05",123.76,252.82,104.88,4712.5
"2024-09-06",123,254.77,107.04,4756
"2024-09-09",125.04,263.31,108.1,4910
"2024-09-10",123.44,261.29,105.96,4883
"2024-09-11",121.62,258.2,103.6,4793.5
"2024-09-12",118.78,254.93,101.5,4725.5
"2024-09-13",119.91,258.25,102.62,4998
"2024-09-16",121.73,263.79,106.44,5359.5
"2024-09-17",123.1,265.99,106.82,5694.5
"2024-09-18",122.18,263.4,106.22,5597.5
"2024-09-19",122.24,264.5,111.2,5605
"2024-09-20",122.4,269.08,109.42,5919.5
"2024-09-23",130.35,273.17,110.34,5874.5
"2024-09-24",139.71,272.92,115.22,5848
"2024-09-25",135.44,267.8,114.02,5763.5
"2024-09-26",137.35,267.88,115.48,5789.5
"2024-09-27",140.5,268.07,115.4,5759
"2024-09-30",138.19,268.49,113.04,5667
"2024-10-01",136.21,266.29,110.6,5244
"2024-10-02",132.12,259.31,107.84,5056
"2024-10-03",133.87,264.25,106.46,5099.5
"2024-10-04",133.32,264.09,106.96,5076
"2024-10-07",133.5,263.39,106.22,5069.5
"2024-10-08",133.83,262.4,106.4,4930
"2024-10-09",132.51,260.86,103.82,4889.5
"2024-10-10",132.69,259.98,103.48,4968
"2024-10-11",131.82,256.94,101.56,4902
"2024-10-14",131.92,261.28,105.5,4923.5
"2024-10-15",133.97,262.03,108.5,5007
"2024-10-16",137.24,259.5,106.82,4970
"2024-10-17",136.05,256.57,104.2,4882.5
"2024-10-18",135.67,257.19,104.26,4861
"2024-10-21",135.97,258.21,106.14,4818
"2024-10-22",136.24,255.42,105.82,4814
"2024-10-23",134.76,252.01,104.16,4730
"2024-10-24",134.12,252.64,105.12,4673.5
"2024-10-25",133,246.35,101.34,4504.5
"2024-10-28",124.87,242.56,96.1,4376
"2024-10-29",125.97,242.66,99.74,4404
"2024-10-30",123.8,241.45,97.54,4408
"2024-10-31",123.44,237.9,99,4486
"2024-11-01",125.6,238.03,99.16,4529.5
"2024-11-02",128.7,238.97,100.8,4520
"2024-11-05",128.77,239.23,104.2,4529.5
"2024-11-06",131.92,243.6,105.9,4625.5
"2024-11-07",135.52,250.93,109.42,4776.5
"2024-11-08",135.9,255.98,111.58,4856.5
"2024-11-11",138.12,260.73,112.64,4917
"2024-11-12",135.16,255.77,113.5,4802.5
"2024-11-13",132.6,254.7,112.98,4840
"2024-11-14",131.61,249.52,111.68,4789.5
"2024-11-15",133.37,253.43,115.16,4822.5
"2024-11-18",129.12,248.72,114.46,4685
"2024-11-19",125.49,240.59,111,4491.5
"2024-11-20",121.89,237.05,108.28,4424
"2024-11-21",124.1,240.47,109.32,4582.5
"2024-11-22",119.47,236,108.52,4494
"2024-11-25",117.44,227.81,103.94,4330
"2024-11-26",114.5,223.16,104.08,4150
"2024-11-27",119.41,226.3,110.96,4213
"2024-11-28",120.29,228.56,110.08,4263.5
"2024-11-29",124.29,236.49,112.96,4529.5
"2024-12-02",123.9,235.17,114.1,4629
"2024-12-03",121.48,230.8,110.4,4559.5
"2024-12-04",115.3,224.55,104.2,4446
"2024-12-05",116.63,233.48,108.16,4478
"2024-12-06",114.99,237.84,107.8,4576
"2024-12-09",117.06,237.29,106.86,4597.5
"2024-12-10",114.7,230.82,103.6,4521.5
"2024-12-11",115.16,234.19,104.1,4529
"2024-12-12",113.1,229.02,100.3,4443
"2024-12-13",112.86,228.7,99.9,4411
"2024-12-16",108.71,225.53,95.9,4308.5
"2024-12-17",107.26,226.5,94.98,4340
"2024-12-18",108.05,230.15,95.66,4432.5
"2024-12-19",107.16,229,95.7,4415.5
"2024-12-20",115.24,257.6,105.08,4921.5
"2024-12-23",119.75,264.9,105,4984
"2024-12-24",121.7,264.34,104.96,4945.5
"2024-12-25",128.11,271.69,108,5027.5
"2024-12-26",126.89,269.56,109.66,5174
"2024-12-27",127.79,271.2,111.04,5210
"2024-12-28",129.6,272.83,113.8,5009
"2024-12-30",133.12,279.43,115.5,5092
"2025-01-03",128.66,272.25,112.68,5016.5
"2025-01-06",128.34,274.37,113.42,4942.5
"2025-01-08",129.45,277,114,4787.5
"2025-01-09",124.01,271.8,111.8,4836
"2025-01-10",126.6,278.77,116.26,4882.5
"2025-01-13",131.47,279.8,118.38,4660
"2025-01-14",132.99,279.85,119.98,4718
"2025-01-15",136.36,282.77,119.46,4754.5
"2025-01-16",135.33,281.8,119.12,4716.5
"2025-01-17",138.76,283.53,124.88,4741.5
"2025-01-20",137.1,278.19,123.4,4643
"2025-01-21",138.01,281.85,124.56,4708
"2025-01-22",136.83,280.36,123.74,4694.5
"2025-01-23",137.84,280.49,124.96,4710
"2025-01-24",138.43,280.74,124.14,4664.5
"2025-01-27",134.26,275.23,119.46,4582.5
"2025-01-28",137.54,278.35,121.2,4671
"2025-01-29",137.05,280.36,121.78,4674.5
"2025-01-30",140.47,281.97,122.76,4710
"2025-01-31",140.84,280.73,121.18,4665.5
"2025-02-03",139.63,279.55,118.3,4625.5
"2025-02-04",136.84,277.4,117.16,4591
"2025-02-05",140.45,282.88,120.4,4678
"2025-02-06",141.98,287.15,121.5,4680.5
"2025-02-07",141.9,285.81,122.28,4662
"2025-02-10",142.46,289.94,120.82,4705.5
"2025-02-11",142.97,294.06,121.12,4902
"2025-02-12",154.6,314,127.26,5029
"2025-02-13",166.32,310.1,128.1,5055.5
"2025-02-14",168.1,309.87,131.5,4938
"2025-02-17",180.05,319.5,138.2,5199
"2025-02-18",171.2,312.95,134.6,5125
"2025-02-19",176.25,315.91,138.52,5195
"2025-02-20",173,315.05,137.74,5324.5
"2025-02-21",171.09,314.74,137.18,5340
"2025-02-24",177.16,316.03,146.94,5365
"2025-02-25",175.1,316.97,143.04,5384.5
"2025-02-26",169.26,310.22,138.02,5167
"2025-02-27",166.7,307.1,134.34,5005
"2025-02-28",170.87,309.63,140.32,4950
"2025-03-03",169.26,305.5,135.92,4909
"2025-03-04",173.92,316.4,140.92,5037
"2025-03-05",170.95,313.56,136.98,5015.5
"2025-03-06",172.93,315.18,136.46,5000
"2025-03-07",171.56,316.92,135.7,4936.5
"2025-03-10",171.09,317.57,137.14,4841.5
"2025-03-11",170.42,319.69,135.72,4900
"2025-03-12",168.29,318.39,134,4852
"2025-03-13",168.11,316.37,131.9,4830
"2025-03-14",170.45,320.51,130.54,4923
"2025-03-17",172.73,326.02,134.06,4977.5
"2025-03-18",168.52,324.06,132.08,4892
"2025-03-19",168.33,325.3,132.04,4873.5
"2025-03-20",168.09,324.05,131.16,4855
"2025-03-21",166.61,323.26,129.8,4814
"2025-03-24",164.56,319.47,125.88,4689
"2025-03-25",164.46,319.8,129.58,4677.5
"2025-03-26",161.85,315.23,125.8,4618
"2025-03-27",155.25,311.96,122.98,4520
"2025-03-28",145.43,308.04,121.56,4421.5
"2025-03-31",145.69,309.72,123.3,4417.5
"2025-04-01",137.5,303.24,120.8,4649.5
"2025-04-02",139.23,306.11,120.1,4736.5
"2025-04-03",134.54,302.09,116.42,4658
"2025-04-04",126.7,285.35,110.9,4415.5
"2025-04-07",125.57,287.56,111.32,4395
"2025-04-08",121.91,282.03,106.8,4345
"2025-04-09",127.76,293.4,116.08,4518
"2025-04-10",127.77,292.46,114.04,4583
"2025-04-11",132.91,299.81,117.1,4567.5
